INSTNM,CONTROL,UGDS,TUITIONFEE_IN,TUITIONFEE_OUT,C150_4,DEBT_MDN,MD_EARN_WNE_P10,DEBT_MDN_NUM,TUITION_GAP,ENROLL_BIN
Alabama A & M University,1,5726.0,10024.0,18634.0,0.2874,16600,40628.0,16600.0,8610.0,Large (5k–14.9k)
University of Alabama at Birmingham,1,12118.0,8832.0,21864.0,0.626,15832,54501.0,15832.0,13032.0,Large (5k–14.9k)
University of Alabama in Huntsville,1,6650.0,11770.0,24662.0,0.6191,13905,61767.0,13905.0,12892.0,Large (5k–14.9k)
Alabama State University,1,3322.0,11248.0,19576.0,0.3018,17500,34502.0,17500.0,8328.0,Medium (1k–4.9k)
Auburn University at Montgomery,1,2693.0,9436.0,20092.0,0.3568,13119,44391.0,13119.0,10656.0,Medium (1k–4.9k)
Auburn University,1,25732.0,12536.0,33944.0,0.7921,17750,65337.0,17750.0,21408.0,Very Large (15k+)
Birmingham-Southern College,2,713.0,22750.0,22750.0,0.6418,16000,59481.0,16000.0,0.0,Small (<1k)
South University-Montgomery,3,302.0,18238.0,18238.0,0.1538,13000,34421.0,13000.0,0.0,Small (<1k)
Faulkner University,2,1555.0,23920.0,23920.0,0.3766,15000,43457.0,15000.0,0.0,Medium (1k–4.9k)
Herzing University-Birmingham,2,445.0,13420.0,13420.0,0.25,11756,36909.0,11756.0,0.0,Small (<1k)
Huntingdon College,2,865.0,28650.0,28650.0,0.4694,20000,49601.0,20000.0,0.0,Small (<1k)
Heritage Christian University,2,63.0,11982.0,11982.0,0.5,PS,42597.0,,0.0,Small (<1k)
Jacksonville State University,1,7030.0,12426.0,22716.0,0.5112,14000,45235.0,14000.0,10290.0,Large (5k–14.9k)
University of West Alabama,1,2666.0,10990.0,20090.0,0.3804,13000,44232.0,13000.0,9100.0,Medium (1k–4.9k)
Miles College,2,1151.0,12714.0,12714.0,0.2566,15691,32627.0,15691.0,0.0,Medium (1k–4.9k)
University of Mobile,2,1079.0,26120.0,26120.0,0.5551,19000,43611.0,19000.0,0.0,Medium (1k–4.9k)
University of Montevallo,1,2087.0,13710.0,26730.0,0.4938,16000,42957.0,16000.0,13020.0,Medium (1k–4.9k)
University of North Alabama,1,5468.0,11990.0,22190.0,0.5403,15781,45415.0,15781.0,10200.0,Large (5k–14.9k)
Oakwood University,2,1253.0,21838.0,21838.0,0.4891,21500,42488.0,21500.0,0.0,Medium (1k–4.9k)
Samford University,2,3828.0,38144.0,38144.0,0.7988,15750,58469.0,15750.0,0.0,Medium (1k–4.9k)
University of South Alabama,1,8540.0,9676.0,18652.0,0.5257,17750,49379.0,17750.0,8976.0,Large (5k–14.9k)
Spring Hill College,2,850.0,23270.0,23270.0,0.5612,21500,51500.0,21500.0,0.0,Small (<1k)
Stillman College,2,761.0,11392.0,11392.0,0.4103,16000,35421.0,16000.0,0.0,Small (<1k)
Talladega College,2,782.0,15650.0,15650.0,0.6497,15000,32229.0,15000.0,0.0,Small (<1k)
Troy University,1,10089.0,9792.0,19584.0,0.4684,15985,42062.0,15985.0,9792.0,Large (5k–14.9k)
Tuskegee University,2,2367.0,23440.0,23440.0,0.5709,21250,49641.0,21250.0,0.0,Medium (1k–4.9k)
University of Alaska Anchorage,1,6916.0,7566.0,21693.0,0.2894,11231,51871.0,11231.0,14127.0,Large (5k–14.9k)
University of Alaska Fairbanks,1,4027.0,8640.0,22752.0,0.3197,11283,48866.0,11283.0,14112.0,Medium (1k–4.9k)
University of Alaska Southeast,1,920.0,6960.0,21096.0,0.3097,10500,48475.0,10500.0,14136.0,Small (<1k)
Alaska Pacific University,2,400.0,20760.0,20760.0,0.4688,12696,54271.0,12696.0,0.0,Small (<1k)
Charter College,3,2277.0,18678.0,18678.0,0.5753,11884,35504.0,11884.0,0.0,Medium (1k–4.9k)
Embry-Riddle Aeronautical University-Prescott,2,3245.0,42204.0,42204.0,0.6976,14250,84131.0,14250.0,0.0,Medium (1k–4.9k)
Glendale Community College,1,10180.0,2358.0,8958.0,0.144,4500,43108.0,4500.0,6600.0,Large (5k–14.9k)
GateWay Community College,1,3473.0,2358.0,8958.0,0.1955,4500,46147.0,4500.0,6600.0,Medium (1k–4.9k)
Dine College,1,1507.0,1410.0,1410.0,0.0549,PS,29188.0,,0.0,Medium (1k–4.9k)
Northern Arizona University,1,23041.0,12652.0,28900.0,0.5686,12916,54384.0,12916.0,16248.0,Very Large (15k+)
Prescott College,2,253.0,35685.0,35685.0,0.3594,12500,42359.0,12500.0,0.0,Small (<1k)
Rio Salado College,1,4879.0,2358.0,8958.0,0.039,4375,41015.0,4375.0,6600.0,Medium (1k–4.9k)
Arizona Christian University,2,1127.0,34697.0,34697.0,0.4145,6251,51612.0,6251.0,0.0,Medium (1k–4.9k)
Yavapai College,1,3732.0,2838.0,9344.0,0.3213,6762,39890.0,6762.0,6506.0,Medium (1k–4.9k)
University of Arkansas at Little Rock,1,4740.0,8455.0,19210.0,0.4142,14500,45265.0,14500.0,10755.0,Medium (1k–4.9k)
Arkansas Baptist College,2,373.0,8760.0,8760.0,0.0798,8250,28418.0,8250.0,0.0,Small (<1k)
Lyon College,2,563.0,31000.0,31000.0,0.5591,10699,44232.0,10699.0,0.0,Small (<1k)
University of Arkansas,1,27312.0,9748.0,28772.0,0.6997,15749,58191.0,15749.0,19024.0,Very Large (15k+)
University of Arkansas at Pine Bluff,1,1899.0,9019.0,17029.0,0.3968,14328,35550.0,14328.0,8010.0,Medium (1k–4.9k)
Arkansas State University,1,7994.0,7754.0,13826.0,0.551,15000,42617.0,15000.0,6072.0,Large (5k–14.9k)
Arkansas Tech University,1,5993.0,8508.0,14502.0,0.4866,11350,41766.0,11350.0,5994.0,Large (5k–14.9k)
University of Arkansas at Monticello,1,1868.0,8868.0,14718.0,0.4327,11364,36902.0,11364.0,5850.0,Medium (1k–4.9k)
University of Central Arkansas,1,7426.0,10118.0,17258.0,0.5335,13000,45938.0,13000.0,7140.0,Large (5k–14.9k)
Central Baptist College,2,477.0,19680.0,19680.0,0.3529,12876,46789.0,12876.0,0.0,Small (<1k)
Crowley's Ridge College,2,162.0,16440.0,16440.0,0.2609,13918,39533.0,13918.0,0.0,Small (<1k)
Harding University,2,3323.0,24888.0,24888.0,0.7094,21601,52876.0,21601.0,0.0,Medium (1k–4.9k)
Henderson State University,1,1491.0,7885.0,9882.0,0.3805,12000,43459.0,12000.0,1997.0,Medium (1k–4.9k)
Hendrix College,2,1094.0,36650.0,36650.0,0.6923,19500,60376.0,19500.0,0.0,Medium (1k–4.9k)
John Brown University,2,1415.0,30832.0,30832.0,0.6677,17000,53907.0,17000.0,0.0,Medium (1k–4.9k)
Ouachita Baptist University,2,1612.0,32480.0,32480.0,0.703,15000,51673.0,15000.0,0.0,Medium (1k–4.9k)
University of the Ozarks,2,753.0,25950.0,25950.0,0.5176,11000,44384.0,11000.0,0.0,Small (<1k)
Philander Smith University,2,842.0,13014.0,13014.0,0.3231,14750,38427.0,14750.0,0.0,Small (<1k)
Williams Baptist University,2,490.0,20330.0,20330.0,0.3592,9500,38484.0,9500.0,0.0,Small (<1k)
Southern Arkansas University Main Campus,1,2865.0,9820.0,15400.0,0.465,12500,42386.0,12500.0,5580.0,Medium (1k–4.9k)
University of Arkansas-Fort Smith,1,4133.0,6906.0,13770.0,0.3696,10750,41102.0,10750.0,6864.0,Medium (1k–4.9k)
Academy of Art University,3,4131.0,28024.0,28024.0,0.4046,11000,39008.0,11000.0,0.0,Medium (1k–4.9k)
Antelope Valley Community College District,1,10905.0,1124.0,8228.0,0.3061,8619,36526.0,8619.0,7104.0,Large (5k–14.9k)
Art Center College of Design,2,2054.0,51640.0,51640.0,0.8261,26000,71958.0,26000.0,0.0,Medium (1k–4.9k)
Azusa Pacific University,2,2977.0,43600.0,43600.0,0.6442,19710,66677.0,19710.0,0.0,Medium (1k–4.9k)
Bakersfield College,1,16451.0,1430.0,10310.0,0.2263,9500,37291.0,9500.0,8880.0,Very Large (15k+)
Biola University,2,3390.0,46704.0,46704.0,0.6881,19000,56778.0,19000.0,0.0,Medium (1k–4.9k)
Bryan University,3,2083.0,12185.0,12185.0,0.24,13763,40283.0,13763.0,0.0,Medium (1k–4.9k)
California Baptist University,2,7914.0,39720.0,39720.0,0.5953,20500,61504.0,20500.0,0.0,Large (5k–14.9k)
California College of the Arts,2,1004.0,57946.0,57946.0,0.5872,19500,49414.0,19500.0,0.0,Medium (1k–4.9k)
California Lutheran University,2,2374.0,50670.0,50670.0,0.7402,18970,68712.0,18970.0,0.0,Medium (1k–4.9k)
California Polytechnic State University-San Luis Obispo,1,21521.0,11075.0,30995.0,0.8519,15396,90768.0,15396.0,19920.0,Very Large (15k+)
Alliant International University-San Diego,3,355.0,13918.0,13918.0,0.2222,12500,66666.0,12500.0,0.0,Small (<1k)
California State University-Bakersfield,1,8183.0,7696.0,19576.0,0.4931,11270,59009.0,11270.0,11880.0,Large (5k–14.9k)
California State University-Stanislaus,1,8564.0,7826.0,19706.0,0.58,11750,63188.0,11750.0,11880.0,Large (5k–14.9k)
California State University-San Bernardino,1,15771.0,7675.0,19555.0,0.5465,12445,59977.0,12445.0,11880.0,Very Large (15k+)
California State Polytechnic University-Pomona,1,24271.0,7439.0,19319.0,0.6674,13437,71902.0,13437.0,11880.0,Very Large (15k+)
California State University-Chico,1,13057.0,8064.0,19944.0,0.6363,14500,64172.0,14500.0,11880.0,Large (5k–14.9k)
California State University-Dominguez Hills,1,12642.0,7064.0,18944.0,0.4685,11902,57162.0,11902.0,11880.0,Large (5k–14.9k)
California State University-Fresno,1,21070.0,6980.0,18860.0,0.5482,12463,61244.0,12463.0,11880.0,Very Large (15k+)
California State University-East Bay,1,10422.0,7055.0,18935.0,0.4551,12500,71401.0,12500.0,11880.0,Large (5k–14.9k)
California State University-Los Angeles,1,21478.0,6813.0,18698.0,0.5257,11966,59211.0,11966.0,11885.0,Very Large (15k+)
California State University-Sacramento,1,27867.0,7602.0,19482.0,0.5582,12500,64876.0,12500.0,11880.0,Very Large (15k+)
University of California-Irvine,1,29494.0,14237.0,45014.0,0.8595,13820,80735.0,13820.0,30777.0,Very Large (15k+)
University of California-Riverside,1,22644.0,14170.0,44947.0,0.7656,14944,67699.0,14944.0,30777.0,Very Large (15k+)
University of California-Santa Barbara,1,23205.0,14965.0,45742.0,0.8533,11875,74915.0,11875.0,30777.0,Very Large (15k+)
University of California-Santa Cruz,1,17812.0,14560.0,45337.0,0.7445,14334,68396.0,14334.0,30777.0,Very Large (15k+)
California Institute of the Arts,2,881.0,56724.0,56724.0,0.6415,16994,41198.0,16994.0,0.0,Small (<1k)
California State University Maritime Academy,1,761.0,7672.0,19552.0,0.6682,16889,94784.0,16889.0,11880.0,Small (<1k)
Chapman University,2,7629.0,62784.0,62784.0,0.8036,17750,70070.0,17750.0,0.0,Large (5k–14.9k)
Charles R Drew University of Medicine and Science,2,233.0,18933.0,18933.0,0.5,14750,83438.0,14750.0,0.0,Small (<1k)
Concordia University-Irvine,2,1456.0,41390.0,41390.0,0.625,19000,65083.0,19000.0,0.0,Medium (1k–4.9k)
San Diego Christian College,2,91.0,26300.0,26300.0,0.2353,13000,49766.0,13000.0,0.0,Small (<1k)
University of Silicon Valley,3,377.0,22480.0,22480.0,0.3492,18334,51017.0,18334.0,0.0,Small (<1k)
California College of ASU,2,149.0,26175.0,26175.0,0.4842,13167,42014.0,13167.0,0.0,Small (<1k)
Cypress College,1,12309.0,1150.0,9399.0,0.351,7500,43533.0,7500.0,8249.0,Large (5k–14.9k)
Design Institute of San Diego,3,92.0,29350.0,29350.0,0.5,24530,46920.0,24530.0,0.0,Small (<1k)
Dominican University of California,2,1178.0,50666.0,50666.0,0.7627,24250,84713.0,24250.0,0.0,Medium (1k–4.9k)
FIDM-Fashion Institute of Design & Merchandising,3,1319.0,34325.0,34325.0,0.6715,12000,49840.0,12000.0,0.0,Medium (1k–4.9k)
Feather River Community College District,1,1574.0,1465.0,9925.0,0.4688,7000,38142.0,7000.0,8460.0,Medium (1k–4.9k)
Foothill College,1,10922.0,1565.0,12320.0,0.6,6795,57072.0,6795.0,10755.0,Large (5k–14.9k)
Fresno Pacific University,2,1614.0,35558.0,35558.0,0.5594,19250,58896.0,19250.0,0.0,Medium (1k–4.9k)
California State Polytechnic University-Humboldt,1,5491.0,7913.0,19793.0,0.4663,14500,47626.0,14500.0,11880.0,Large (5k–14.9k)
Humphreys University-Stockton and Modesto Campuses,2,178.0,14760.0,14760.0,0.5,25000,39248.0,25000.0,0.0,Small (<1k)
Interior Designers Institute,3,107.0,20250.0,20250.0,0.875,17667,54974.0,17667.0,0.0,Small (<1k)
Life Pacific University,2,393.0,20462.0,20462.0,0.5682,14000,43299.0,14000.0,0.0,Small (<1k)
University of La Verne,2,3341.0,47000.0,47000.0,0.6545,21000,65464.0,21000.0,0.0,Medium (1k–4.9k)
Laguna College of Art and Design,2,776.0,35650.0,35650.0,0.6304,18875,47867.0,18875.0,0.0,Small (<1k)
Lincoln University,2,223.0,11420.0,11420.0,0.75,12500,53695.0,12500.0,0.0,Small (<1k)
La Sierra University,2,1155.0,35910.0,35910.0,0.6806,18500,61824.0,18500.0,0.0,Medium (1k–4.9k)
The Master's University and Seminary,2,1606.0,36930.0,36930.0,0.6375,16327,57106.0,16327.0,0.0,Medium (1k–4.9k)
Loyola Marymount University,2,7171.0,58974.0,58974.0,0.7978,15000,78349.0,15000.0,0.0,Large (5k–14.9k)
Menlo College,2,811.0,51070.0,51070.0,0.5133,13000,76419.0,13000.0,0.0,Small (<1k)
MiraCosta College,1,10474.0,1152.0,9120.0,0.411,9488,43845.0,9488.0,7968.0,Large (5k–14.9k)
Modesto Junior College,1,14714.0,1270.0,8870.0,0.261,3375,42368.0,3375.0,7600.0,Large (5k–14.9k)
Mount Saint Mary's University,2,1746.0,48132.0,48132.0,0.5342,22167,72379.0,22167.0,0.0,Medium (1k–4.9k)
Musicians Institute,3,735.0,28400.0,28400.0,0.4596,6334,32778.0,6334.0,0.0,Small (<1k)
National University,2,9725.0,13320.0,13320.0,0.5,18750,67548.0,18750.0,0.0,Large (5k–14.9k)
Newschool of Architecture and Design,3,212.0,30291.0,30291.0,0.5094,23618,68891.0,23618.0,0.0,Small (<1k)
Occidental College,2,1844.0,63446.0,63446.0,0.8511,19000,75951.0,19000.0,0.0,Medium (1k–4.9k)
Otis College of Art and Design,2,1242.0,55513.0,55513.0,0.6059,20000,58152.0,20000.0,0.0,Medium (1k–4.9k)
Hope International University,2,549.0,36250.0,36250.0,0.4565,15738,49697.0,15738.0,0.0,Small (<1k)
Pacific Union College,2,910.0,35214.0,35214.0,0.5147,19500,70484.0,19500.0,0.0,Small (<1k)
University of the Pacific,2,3247.0,55340.0,55340.0,0.6782,17653,78445.0,17653.0,0.0,Medium (1k–4.9k)
Pitzer College,2,1191.0,62692.0,62692.0,0.8321,13000,69512.0,13000.0,0.0,Medium (1k–4.9k)
Point Loma Nazarene University,2,3132.0,43550.0,43550.0,0.7379,19500,63998.0,19500.0,0.0,Medium (1k–4.9k)
Pomona College,2,1638.0,62326.0,62326.0,0.9319,10000,77779.0,10000.0,0.0,Medium (1k–4.9k)
Santa Ana College,1,22011.0,1180.0,9460.0,0.3151,5500,43552.0,5500.0,8280.0,Very Large (15k+)
University of Redlands,2,2095.0,57614.0,57614.0,0.7068,21250,72690.0,21250.0,0.0,Medium (1k–4.9k)
Rio Hondo College,1,15365.0,1388.0,9884.0,0.2713,4750,44950.0,4750.0,8496.0,Very Large (15k+)
San Diego Mesa College,1,15899.0,1150.0,9094.0,0.3375,4500,45120.0,4500.0,7944.0,Very Large (15k+)
University of San Diego,2,5619.0,56444.0,56444.0,0.8158,19019,86522.0,19019.0,0.0,Large (5k–14.9k)
San Francisco State University,1,20033.0,7424.0,19304.0,0.5015,12923,68077.0,12923.0,11880.0,Very Large (15k+)
University of San Francisco,2,5697.0,58222.0,58222.0,0.7113,19000,89812.0,19000.0,0.0,Large (5k–14.9k)
William Jessup University,2,1021.0,37150.0,37150.0,0.6071,14419,56257.0,14419.0,0.0,Medium (1k–4.9k)
San Jose State University,1,26757.0,7992.0,19872.0,0.6465,12000,78988.0,12000.0,11880.0,Very Large (15k+)
Santa Monica College,1,21194.0,1156.0,9316.0,0.3583,6500,42193.0,6500.0,8160.0,Very Large (15k+)
Scripps College,2,1077.0,63434.0,63434.0,0.8712,11853,77539.0,11853.0,0.0,Medium (1k–4.9k)
Shasta Bible College and Graduate School,2,12.0,14535.0,14535.0,0.3333,PS,28891.0,,0.0,Small (<1k)
Shasta College,1,5536.0,1197.0,8277.0,0.2913,9500,39269.0,9500.0,7080.0,Large (5k–14.9k)
Simpson University,2,751.0,38522.0,38522.0,0.4167,13000,54340.0,13000.0,0.0,Small (<1k)
Skyline College,1,7132.0,1332.0,11384.0,0.4141,7500,55702.0,7500.0,10052.0,Large (5k–14.9k)
Saint Mary's College of California,2,2024.0,56134.0,56134.0,0.6899,19500,78812.0,19500.0,0.0,Medium (1k–4.9k)
Solano Community College,1,7688.0,1172.0,8900.0,0.3377,9500,44170.0,9500.0,7728.0,Large (5k–14.9k)
Sonoma State University,1,5374.0,8190.0,20070.0,0.6052,13000,65986.0,13000.0,11880.0,Large (5k–14.9k)
Vanguard University of Southern California,2,1975.0,39950.0,39950.0,0.5586,15000,59541.0,15000.0,0.0,Medium (1k–4.9k)
Southern California Institute of Architecture,2,236.0,53564.0,53564.0,0.7,33250,71909.0,33250.0,0.0,Small (<1k)
Thomas Aquinas College,2,539.0,28700.0,28700.0,0.8202,18000,55619.0,18000.0,0.0,Small (<1k)
Epic Bible College & Graduate School,2,60.0,15072.0,15072.0,0.0,16446,37822.0,16446.0,0.0,Small (<1k)
Walden University,3,7337.0,12498.0,12498.0,0.0,11500,42810.0,11500.0,0.0,Large (5k–14.9k)
West Los Angeles College,1,7277.0,1238.0,10130.0,0.2138,9500,38537.0,9500.0,8892.0,Large (5k–14.9k)
Westmont College,2,1310.0,51790.0,51790.0,0.7009,19343,64778.0,19343.0,0.0,Medium (1k–4.9k)
Whittier College,2,812.0,49864.0,49864.0,0.6339,18125,59492.0,18125.0,0.0,Small (<1k)
Woodbury University,2,825.0,44886.0,44886.0,0.5478,21500,65668.0,21500.0,0.0,Small (<1k)
Yeshiva Ohr Elchonon Chabad West Coast Talmudical Seminary,2,157.0,16900.0,16900.0,0.2,PS,48361.0,,0.0,Small (<1k)
Adams State University,1,1239.0,9776.0,21848.0,0.3165,11750,44372.0,11750.0,12072.0,Medium (1k–4.9k)
Aims Community College,1,3182.0,2090.0,11306.0,0.3507,5250,41887.0,5250.0,9216.0,Medium (1k–4.9k)
Arapahoe Community College,1,5392.0,4308.0,16542.0,0.2679,6500,48341.0,6500.0,12234.0,Large (5k–14.9k)
University of Colorado Denver/Anschutz Medical Campus,1,10686.0,10017.0,28209.0,0.474,14500,64270.0,14500.0,18192.0,Large (5k–14.9k)
University of Colorado Colorado Springs,1,8870.0,9712.0,20492.0,0.4534,12965,54659.0,12965.0,10780.0,Large (5k–14.9k)
Colorado Christian University,2,5363.0,39266.0,39266.0,0.5532,14000,50416.0,14000.0,0.0,Large (5k–14.9k)
Colorado Mountain College,1,2821.0,2700.0,12540.0,0.259,5500,44127.0,5500.0,9840.0,Medium (1k–4.9k)
Colorado State University-Fort Collins,1,25148.0,12896.0,33751.0,0.6691,14750,60543.0,14750.0,20855.0,Very Large (15k+)
Colorado Technical University-Colorado Springs,3,25932.0,12760.0,12760.0,0.1761,12166,37180.0,12166.0,0.0,Very Large (15k+)
Community College of Denver,1,5156.0,4902.0,17136.0,0.1579,5500,39095.0,5500.0,12234.0,Large (5k–14.9k)
University of Denver,2,6059.0,59340.0,59340.0,0.7795,18000,71155.0,18000.0,0.0,Large (5k–14.9k)
Fort Lewis College,1,3070.0,9670.0,20798.0,0.4315,9000,46349.0,9000.0,11128.0,Medium (1k–4.9k)
Front Range Community College,1,11132.0,4740.0,16974.0,0.301,7000,45910.0,7000.0,12234.0,Large (5k–14.9k)
Colorado Mesa University,1,7604.0,9712.0,24312.0,0.4152,11000,45823.0,11000.0,14600.0,Large (5k–14.9k)
Metropolitan State University of Denver,1,14932.0,10780.0,29503.0,0.2989,12500,52093.0,12500.0,18723.0,Large (5k–14.9k)
Morgan Community College,1,619.0,4127.0,16360.0,0.4607,5500,39429.0,5500.0,12233.0,Small (<1k)
Naropa University,2,368.0,34600.0,34600.0,0.4595,14750,28720.0,14750.0,0.0,Small (<1k)
University of Northern Colorado,1,5693.0,12010.0,26204.0,0.5134,13805,52231.0,13805.0,14194.0,Large (5k–14.9k)
Pikes Peak State College,1,9307.0,4302.0,16534.0,0.23,4900,40796.0,4900.0,12232.0,Large (5k–14.9k)
Pueblo Community College,1,3293.0,4883.0,17116.0,0.3746,5750,37434.0,5750.0,12233.0,Medium (1k–4.9k)
Red Rocks Community College,1,4281.0,4707.0,16947.0,0.3737,4900,46288.0,4900.0,12240.0,Medium (1k–4.9k)
Regis University,2,2599.0,43980.0,43980.0,0.6111,19750,72105.0,19750.0,0.0,Medium (1k–4.9k)
Rocky Mountain College of Art and Design,3,1878.0,23720.0,23720.0,0.3651,9500,42958.0,9500.0,0.0,Medium (1k–4.9k)
Colorado State University Pueblo,1,3028.0,9401.0,17242.0,0.3798,14475,55563.0,14475.0,7841.0,Medium (1k–4.9k)
Trinidad State College,1,1168.0,4468.0,7100.0,0.5572,6500,36475.0,6500.0,2632.0,Medium (1k–4.9k)
Western Colorado University,1,1653.0,11083.0,23683.0,0.5067,12000,46833.0,12000.0,12600.0,Medium (1k–4.9k)
Albertus Magnus College,2,882.0,39924.0,39924.0,0.4609,25000,60144.0,25000.0,0.0,Small (<1k)
University of Bridgeport,2,1450.0,35760.0,35760.0,0.4809,19500,50323.0,19500.0,0.0,Medium (1k–4.9k)
Central Connecticut State University,1,7670.0,12460.0,25736.0,0.4933,16750,58562.0,16750.0,13276.0,Large (5k–14.9k)
Connecticut College,2,1960.0,64812.0,64812.0,0.8375,20000,75001.0,20000.0,0.0,Medium (1k–4.9k)
University of Connecticut,1,19147.0,20366.0,43034.0,0.838,18610,73997.0,18610.0,22668.0,Very Large (15k+)
Goodwin University,2,2761.0,21198.0,21198.0,0.5833,14221,43596.0,14221.0,0.0,Medium (1k–4.9k)
Eastern Connecticut State University,1,3377.0,13292.0,16624.0,0.5814,18500,56469.0,18500.0,3332.0,Medium (1k–4.9k)
Fairfield University,2,4938.0,56360.0,56360.0,0.8379,23251,88794.0,23251.0,0.0,Medium (1k–4.9k)
University of Hartford,2,4032.0,47647.0,47647.0,0.5828,19500,60823.0,19500.0,0.0,Medium (1k–4.9k)
Mitchell College,2,421.0,39050.0,39050.0,0.4414,15000,39115.0,15000.0,0.0,Small (<1k)
University of New Haven,2,4799.0,45730.0,45730.0,0.5925,20475,60126.0,20475.0,0.0,Medium (1k–4.9k)
Post University,3,18975.0,17100.0,17100.0,0.3534,8750,38696.0,8750.0,0.0,Very Large (15k+)
Quinnipiac University,2,6208.0,53090.0,53090.0,0.7728,21500,83759.0,21500.0,0.0,Large (5k–14.9k)
Sacred Heart University,2,6904.0,48460.0,48460.0,0.745,19860,75059.0,19860.0,0.0,Large (5k–14.9k)
University of Saint Joseph,2,825.0,45908.0,45908.0,0.697,24000,59908.0,24000.0,0.0,Small (<1k)
Southern Connecticut State University,1,6180.0,12828.0,26104.0,0.4782,15000,55043.0,15000.0,13276.0,Large (5k–14.9k)
Western Connecticut State University,1,3434.0,12763.0,16095.0,0.5025,17002,59115.0,17002.0,3332.0,Medium (1k–4.9k)
Delaware Technical Community College-Terry,1,11012.0,4965.0,11828.0,0.1945,5500,41448.0,5500.0,6863.0,Large (5k–14.9k)
Delaware State University,1,4630.0,10314.0,20250.0,0.3866,17500,49307.0,17500.0,9936.0,Medium (1k–4.9k)
University of Delaware,1,18812.0,16080.0,39720.0,0.7878,21000,72950.0,21000.0,23640.0,Very Large (15k+)
Goldey-Beacom College,2,634.0,13440.0,13440.0,0.5886,14375,59892.0,14375.0,0.0,Small (<1k)
Wilmington University,2,8497.0,12330.0,12330.0,0.2257,14308,53844.0,14308.0,0.0,Large (5k–14.9k)
American University,2,7593.0,56543.0,56543.0,0.7849,19500,77370.0,19500.0,0.0,Large (5k–14.9k)
The Catholic University of America,2,3063.0,55834.0,55834.0,0.8133,22250,73250.0,22250.0,0.0,Medium (1k–4.9k)
University of the District of Columbia,1,3080.0,6152.0,13004.0,0.2626,14250,44236.0,14250.0,6852.0,Medium (1k–4.9k)
Gallaudet University,2,879.0,18382.0,18382.0,0.4656,12750,43101.0,12750.0,0.0,Small (<1k)
Howard University,2,9604.0,33344.0,33344.0,0.689,19200,63066.0,19200.0,0.0,Large (5k–14.9k)
Strayer University-District of Columbia,3,309.0,13920.0,13920.0,0.0,14000,40092.0,14000.0,0.0,Small (<1k)
Trinity Washington University,2,1415.0,26110.0,26110.0,0.444,19402,53804.0,19402.0,0.0,Medium (1k–4.9k)
Baptist University of Florida,2,248.0,13800.0,13800.0,0.6923,17073,42836.0,17073.0,0.0,Small (<1k)
Barry University,2,2245.0,33450.0,33450.0,0.3659,15750,55966.0,15750.0,0.0,Medium (1k–4.9k)
Bethune-Cookman University,2,2414.0,14794.0,14794.0,0.2783,22500,38518.0,22500.0,0.0,Medium (1k–4.9k)
Lynn University,2,2820.0,42950.0,42950.0,0.5269,10413,49006.0,10413.0,0.0,Medium (1k–4.9k)
Eastern Florida State College,1,10162.0,2496.0,9739.0,0.5122,8279,37195.0,8279.0,7243.0,Large (5k–14.9k)
Broward College,1,23799.0,2830.0,8952.0,0.3611,4500,41939.0,4500.0,6122.0,Very Large (15k+)
Albizu University-Miami,2,225.0,13128.0,13128.0,0.6,5000,41544.0,5000.0,0.0,Small (<1k)
College of Central Florida,1,4717.0,2710.0,10517.0,0.4396,8550,38203.0,8550.0,7807.0,Medium (1k–4.9k)
Johnson University Florida,2,136.0,19658.0,19658.0,0.2364,13500,40596.0,13500.0,0.0,Small (<1k)
Chipola College,1,1218.0,3120.0,8950.0,0.6126,PS,37378.0,,5830.0,Medium (1k–4.9k)
Daytona State College,1,9367.0,3106.0,11994.0,0.4123,5500,37096.0,5500.0,8888.0,Large (5k–14.9k)
South University-West Palm Beach,3,284.0,18238.0,18238.0,0.2143,13000,34421.0,13000.0,0.0,Small (<1k)
Eckerd College,2,1984.0,50374.0,50374.0,0.6756,19500,51819.0,19500.0,0.0,Medium (1k–4.9k)
Florida SouthWestern State College,1,10613.0,3401.0,12979.0,0.3854,5000,43421.0,5000.0,9578.0,Large (5k–14.9k)
Edward Waters University,2,1113.0,14878.0,14878.0,0.2795,11000,34782.0,11000.0,0.0,Medium (1k–4.9k)
Embry-Riddle Aeronautical University-Daytona Beach,2,7535.0,42304.0,42304.0,0.6736,14250,84131.0,14250.0,0.0,Large (5k–14.9k)
Florida Agricultural and Mechanical University,1,7516.0,5785.0,17725.0,0.5194,17855,44349.0,17855.0,11940.0,Large (5k–14.9k)
Florida Atlantic University,1,23458.0,4879.0,17324.0,0.6433,12500,56746.0,12500.0,12445.0,Very Large (15k+)
Florida State College at Jacksonville,1,17739.0,2878.0,9992.0,0.3243,8750,42244.0,8750.0,7114.0,Very Large (15k+)
Flagler College,2,2404.0,26610.0,26610.0,0.5589,15000,49483.0,15000.0,0.0,Medium (1k–4.9k)
Florida College,2,589.0,18920.0,18920.0,0.5064,10000,43445.0,10000.0,0.0,Small (<1k)
AdventHealth University,2,1068.0,20880.0,20880.0,0.3562,18000,72282.0,18000.0,0.0,Medium (1k–4.9k)
Florida Institute of Technology,2,3235.0,44360.0,44360.0,0.6545,14049,43137.0,14049.0,0.0,Medium (1k–4.9k)
The College of the Florida Keys,1,823.0,3279.0,13162.0,0.408,8250,42508.0,8250.0,9883.0,Small (<1k)
Florida Memorial University,2,1299.0,19110.0,19110.0,0.3023,16475,36624.0,16475.0,0.0,Medium (1k–4.9k)
Florida Southern College,2,2607.0,42360.0,42360.0,0.6933,19500,55294.0,19500.0,0.0,Medium (1k–4.9k)
Full Sail University,3,25195.0,26417.0,26417.0,0.4959,14038,38219.0,14038.0,0.0,Very Large (15k+)
Gulf Coast State College,1,3614.0,2370.0,8635.0,0.448,5500,38359.0,5500.0,6265.0,Medium (1k–4.9k)
Hillsborough Community College,1,19998.0,2506.0,9111.0,0.332,6000,40782.0,6000.0,6605.0,Very Large (15k+)
Hobe Sound Bible College,2,125.0,9068.0,9068.0,0.6071,PS,39863.0,,0.0,Small (<1k)
Indian River State College,1,11571.0,2764.0,10201.0,0.4248,5500,38315.0,5500.0,7437.0,Large (5k–14.9k)
Jacksonville University,2,2649.0,46180.0,46180.0,0.5697,12803,68010.0,12803.0,0.0,Medium (1k–4.9k)
Keiser University-Ft Lauderdale,2,17370.0,24136.0,24136.0,0.4421,13000,39696.0,13000.0,0.0,Very Large (15k+)
Florida Gateway College,1,2231.0,3100.0,11747.0,0.5657,5500,37894.0,5500.0,8647.0,Medium (1k–4.9k)
Lake-Sumter State College,1,3572.0,3292.0,13276.0,0.4466,4500,39876.0,4500.0,9984.0,Medium (1k–4.9k)
Luther Rice College & Seminary,2,195.0,10538.0,10538.0,0.0,16094,47003.0,16094.0,0.0,Small (<1k)
State College of Florida-Manatee-Sarasota,1,7161.0,3074.0,11595.0,0.3487,5720,40318.0,5720.0,8521.0,Large (5k–14.9k)
University of Miami,2,12570.0,59926.0,59926.0,0.8423,15250,75328.0,15250.0,0.0,Large (5k–14.9k)
North Florida College,1,817.0,3054.0,11400.0,0.6348,PS,33929.0,,8346.0,Small (<1k)
University of North Florida,1,13915.0,6389.0,20793.0,0.6818,11750,56343.0,11750.0,14404.0,Large (5k–14.9k)
Nova Southeastern University,2,7171.0,37080.0,37080.0,0.6434,16985,59209.0,16985.0,0.0,Large (5k–14.9k)
Northwest Florida State College,1,3193.0,3246.0,11625.0,0.4288,5500,39664.0,5500.0,8379.0,Medium (1k–4.9k)
Palm Beach Atlantic University,2,2427.0,37990.0,37990.0,0.5895,13816,49232.0,13816.0,0.0,Medium (1k–4.9k)
Palm Beach State College,1,20532.0,3050.0,10910.0,0.4122,5061,41923.0,5061.0,7860.0,Very Large (15k+)
Pasco-Hernando State College,1,6933.0,3155.0,12032.0,0.4293,7000,39903.0,7000.0,8877.0,Large (5k–14.9k)
Pensacola State College,1,6725.0,2348.0,9407.0,0.4198,5500,36739.0,5500.0,7059.0,Large (5k–14.9k)
Polk State College,1,5954.0,3366.0,12272.0,0.3396,6500,40624.0,6500.0,8906.0,Large (5k–14.9k)
Ringling College of Art and Design,2,1719.0,55480.0,55480.0,0.708,27000,43325.0,27000.0,0.0,Medium (1k–4.9k)
Rollins College,2,2582.0,58300.0,58300.0,0.7689,21385,58295.0,21385.0,0.0,Medium (1k–4.9k)
Saint Leo University,2,6999.0,28360.0,28360.0,0.4878,14250,48364.0,14250.0,0.0,Large (5k–14.9k)
St Petersburg College,1,18759.0,2682.0,9286.0,0.3747,11000,42557.0,11000.0,6604.0,Very Large (15k+)
Santa Fe College,1,11133.0,2563.0,9189.0,0.5209,7125,41631.0,7125.0,6626.0,Large (5k–14.9k)
Seminole State College of Florida,1,11790.0,3227.0,11447.0,0.4195,7704,41733.0,7704.0,8220.0,Large (5k–14.9k)
Saint Johns River State College,1,3909.0,2830.0,10352.0,0.4573,8323,41728.0,8323.0,7522.0,Medium (1k–4.9k)
South Florida State College,1,2084.0,3165.0,11859.0,0.5113,5387,39990.0,5387.0,8694.0,Medium (1k–4.9k)
St. Thomas University,2,1963.0,34770.0,34770.0,0.4342,9500,54272.0,9500.0,0.0,Medium (1k–4.9k)
Stetson University,2,2292.0,55220.0,55220.0,0.628,15000,51642.0,15000.0,0.0,Medium (1k–4.9k)
Southeastern University,2,4646.0,31732.0,31732.0,0.433,12000,46744.0,12000.0,0.0,Medium (1k–4.9k)
Tallahassee State College,1,10357.0,2026.0,8062.0,0.3692,5350,37561.0,5350.0,6036.0,Large (5k–14.9k)
The University of Tampa,2,10093.0,33424.0,33424.0,0.6192,18750,59436.0,18750.0,0.0,Large (5k–14.9k)
Trinity Baptist College,2,363.0,14300.0,14300.0,0.4423,11500,37275.0,11500.0,0.0,Small (<1k)
Trinity College of Florida,2,187.0,16300.0,16300.0,0.0,12000,32465.0,12000.0,0.0,Small (<1k)
Warner University,2,753.0,28160.0,28160.0,0.3492,13000,46086.0,13000.0,0.0,Small (<1k)
Webber International University,2,879.0,32150.0,32150.0,0.2601,8750,45606.0,8750.0,0.0,Small (<1k)
Rasmussen University-Florida,3,3034.0,15117.0,15117.0,0.5103,13000,39080.0,13000.0,0.0,Medium (1k–4.9k)
University of West Florida,1,9042.0,6360.0,19241.0,0.6176,13000,49137.0,13000.0,12881.0,Large (5k–14.9k)
Abraham Baldwin Agricultural College,1,3218.0,3195.0,10101.0,0.2912,8750,34996.0,8750.0,6906.0,Medium (1k–4.9k)
Agnes Scott College,2,898.0,48150.0,48150.0,0.7052,17750,56274.0,17750.0,0.0,Small (<1k)
Albany State University,1,5829.0,5934.0,16656.0,0.2279,12000,40674.0,12000.0,10722.0,Large (5k–14.9k)
Andrew College,2,287.0,19126.0,19126.0,0.2696,9500,38475.0,9500.0,0.0,Small (<1k)
Point University,2,2617.0,22300.0,22300.0,0.4044,14502,38740.0,14502.0,0.0,Medium (1k–4.9k)
Atlanta Metropolitan State College,1,1348.0,3105.0,9731.0,0.1429,6606,33252.0,6606.0,6626.0,Medium (1k–4.9k)
Clark Atlanta University,2,3482.0,26446.0,26446.0,0.478,19500,42712.0,19500.0,0.0,Medium (1k–4.9k)
Berry College,2,2213.0,40416.0,40416.0,0.7391,18900,53800.0,18900.0,0.0,Medium (1k–4.9k)
Beulah Heights University,2,158.0,8492.0,8492.0,0.1667,38980,35236.0,38980.0,0.0,Small (<1k)
Brenau University,2,981.0,33275.0,33275.0,0.3536,18425,54003.0,18425.0,0.0,Small (<1k)
Brewton-Parker College,2,684.0,21696.0,21696.0,0.2349,8250,42009.0,8250.0,0.0,Small (<1k)
College of Coastal Georgia,1,2794.0,3483.0,10389.0,0.2556,8250,39318.0,8250.0,6906.0,Medium (1k–4.9k)
Clayton  State University,1,4390.0,5068.0,15790.0,0.3539,16750,49179.0,16750.0,10722.0,Medium (1k–4.9k)
Columbus State University,1,5537.0,5751.0,16805.0,0.4174,15000,44544.0,15000.0,11054.0,Large (5k–14.9k)
Covenant College,2,858.0,40464.0,40464.0,0.7186,19000,50412.0,19000.0,0.0,Small (<1k)
Dalton State College,1,4419.0,3283.0,10189.0,0.2959,7361,40251.0,7361.0,6906.0,Medium (1k–4.9k)
South University-Savannah,3,246.0,18238.0,18238.0,0.2273,13000,34421.0,13000.0,0.0,Small (<1k)
East Georgia State College,1,1368.0,2736.0,9088.0,0.1376,6374,37174.0,6374.0,6352.0,Medium (1k–4.9k)
Emmanuel University,2,719.0,23664.0,23664.0,0.346,12000,38208.0,12000.0,0.0,Small (<1k)
Emory University,2,7275.0,60774.0,60774.0,0.9176,16750,80137.0,16750.0,0.0,Large (5k–14.9k)
Georgia Highlands College,1,4441.0,2944.0,9296.0,0.2079,6750,43184.0,6750.0,6352.0,Medium (1k–4.9k)
Fort Valley State University,1,2541.0,5392.0,16114.0,0.4519,19000,36666.0,19000.0,10722.0,Medium (1k–4.9k)
Georgia Southwestern State University,1,2291.0,4980.0,15702.0,0.3191,11000,48757.0,11000.0,10722.0,Medium (1k–4.9k)
Georgia College & State University,1,5599.0,8998.0,28178.0,0.6157,16018,58140.0,16018.0,19180.0,Large (5k–14.9k)
Georgia Southern University,1,21029.0,5905.0,16959.0,0.5205,15250,53236.0,15250.0,11054.0,Very Large (15k+)
Georgia State University,1,27109.0,8478.0,23709.0,0.5372,11750,47384.0,11750.0,15231.0,Very Large (15k+)
Gordon State College,1,2605.0,3475.0,10381.0,0.1731,8750,37871.0,8750.0,6906.0,Medium (1k–4.9k)
LaGrange College,2,566.0,34540.0,34540.0,0.4176,15750,51745.0,15750.0,0.0,Small (<1k)
Life University,2,869.0,15036.0,15036.0,0.3214,9500,47397.0,9500.0,0.0,Small (<1k)
Herzing University-Atlanta,2,499.0,13420.0,13420.0,0.2917,11756,36909.0,11756.0,0.0,Small (<1k)
Mercer University,2,4620.0,40890.0,40890.0,0.7339,17655,58354.0,17655.0,0.0,Medium (1k–4.9k)
Morehouse College,2,2736.0,31725.0,31725.0,0.5267,18500,52889.0,18500.0,0.0,Medium (1k–4.9k)
Oglethorpe University,2,1429.0,45806.0,45806.0,0.5392,14750,55232.0,14750.0,0.0,Medium (1k–4.9k)
Paine College,2,338.0,14596.0,14596.0,0.2169,11000,33338.0,11000.0,0.0,Small (<1k)
Piedmont University,2,1235.0,30680.0,30680.0,0.4146,18108,49130.0,18108.0,0.0,Medium (1k–4.9k)
Reinhardt University,2,1012.0,28420.0,28420.0,0.3562,13156,46541.0,13156.0,0.0,Medium (1k–4.9k)
Savannah College of Art and Design,2,14423.0,40595.0,40595.0,0.7048,15500,45954.0,15500.0,0.0,Large (5k–14.9k)
Savannah State University,1,2727.0,5498.0,16218.0,0.2517,16500,37981.0,16500.0,10720.0,Medium (1k–4.9k)
Shorter University,2,1091.0,24044.0,24044.0,0.3708,12500,44604.0,12500.0,0.0,Medium (1k–4.9k)
Spelman College,2,3633.0,30058.0,30058.0,0.761,21750,59993.0,21750.0,0.0,Medium (1k–4.9k)
Thomas University,2,813.0,11640.0,11640.0,0.2778,15000,49716.0,15000.0,0.0,Small (<1k)
Toccoa Falls College,2,820.0,23250.0,23250.0,0.4601,11067,36630.0,11067.0,0.0,Small (<1k)
Truett McConnell University,2,768.0,25568.0,25568.0,0.4115,12000,46700.0,12000.0,0.0,Small (<1k)
Valdosta State University,1,6858.0,6007.0,17062.0,0.4174,13750,49361.0,13750.0,11055.0,Large (5k–14.9k)
Wesleyan College,2,466.0,27650.0,27650.0,0.6056,15000,44317.0,15000.0,0.0,Small (<1k)
University of West Georgia,1,7485.0,5971.0,17024.0,0.4272,15000,49587.0,15000.0,11053.0,Large (5k–14.9k)
Young Harris College,2,810.0,32305.0,32305.0,0.4566,12000,47195.0,12000.0,0.0,Small (<1k)
Chaminade University of Honolulu,2,1648.0,29970.0,29970.0,0.5814,17932,52343.0,17932.0,0.0,Medium (1k–4.9k)
University of Hawaii at Hilo,1,2260.0,7838.0,20798.0,0.4163,12500,47856.0,12500.0,12960.0,Medium (1k–4.9k)
University of Hawaii at Manoa,1,14306.0,12186.0,34218.0,0.6257,13099,57624.0,13099.0,22032.0,Large (5k–14.9k)
Hawaii Pacific University,2,2502.0,33020.0,33020.0,0.4121,12000,59593.0,12000.0,0.0,Medium (1k–4.9k)
University of Hawaii Maui College,1,1635.0,3284.0,8420.0,0.2734,9500,34453.0,9500.0,5136.0,Medium (1k–4.9k)
University of Hawaii-West Oahu,1,2510.0,7584.0,20544.0,0.4684,11848,52075.0,11848.0,12960.0,Medium (1k–4.9k)
Boise Bible College,2,103.0,11240.0,11240.0,0.4815,12749,33140.0,12749.0,0.0,Small (<1k)
Boise State University,1,17081.0,8782.0,26976.0,0.6187,14000,51658.0,14000.0,18194.0,Very Large (15k+)
Idaho State University,1,7260.0,8356.0,27466.0,0.383,12500,45608.0,12500.0,19110.0,Large (5k–14.9k)
University of Idaho,1,7363.0,8816.0,29784.0,0.609,15784,54670.0,15784.0,20968.0,Large (5k–14.9k)
The College of Idaho,2,1049.0,36030.0,36030.0,0.6412,17000,48473.0,17000.0,0.0,Medium (1k–4.9k)
Lewis-Clark State College,1,2277.0,7388.0,21386.0,0.4472,10989,46001.0,10989.0,13998.0,Medium (1k–4.9k)
Northwest Nazarene University,2,1138.0,39370.0,39370.0,0.5993,16826,51719.0,16826.0,0.0,Medium (1k–4.9k)
College of Southern Idaho,1,3476.0,3360.0,6840.0,0.3509,5500,40916.0,5500.0,3480.0,Medium (1k–4.9k)
American Academy of Art College,3,90.0,39510.0,39510.0,0.45,27000,34324.0,27000.0,0.0,Small (<1k)
School of the Art Institute of Chicago,2,2762.0,54530.0,54530.0,0.6402,19000,40151.0,19000.0,0.0,Medium (1k–4.9k)
Augustana College,2,2418.0,49834.0,49834.0,0.7918,26000,62971.0,26000.0,0.0,Medium (1k–4.9k)
Aurora University,2,4021.0,28220.0,28220.0,0.5832,15500,58709.0,15500.0,0.0,Medium (1k–4.9k)
Blackburn College,2,341.0,26758.0,26758.0,0.5241,14770,46802.0,14770.0,0.0,Small (<1k)
Bradley University,2,3865.0,39680.0,39680.0,0.7214,23250,66852.0,23250.0,0.0,Medium (1k–4.9k)
Chicago State University,1,1414.0,12754.0,12754.0,0.1695,21500,42778.0,21500.0,0.0,Medium (1k–4.9k)
Columbia College Chicago,2,6294.0,32520.0,32520.0,0.4846,16500,42195.0,16500.0,0.0,Large (5k–14.9k)
Concordia University-Chicago,2,1337.0,36258.0,36258.0,0.474,14000,54089.0,14000.0,0.0,Medium (1k–4.9k)
DePaul University,2,14283.0,44460.0,44460.0,0.7,19383,68751.0,19383.0,0.0,Large (5k–14.9k)
East-West University,2,528.0,26100.0,26100.0,0.2295,7334,29963.0,7334.0,0.0,Small (<1k)
Eastern Illinois University,1,4398.0,13403.0,15879.0,0.4517,15722,51989.0,15722.0,2476.0,Medium (1k–4.9k)
Elmhurst University,2,2954.0,41628.0,41628.0,0.6519,15000,61462.0,15000.0,0.0,Medium (1k–4.9k)
Eureka College,2,522.0,28400.0,28400.0,0.4057,15000,51641.0,15000.0,0.0,Small (<1k)
Governors State University,1,2518.0,11320.0,11320.0,0.196,14000,58169.0,14000.0,0.0,Medium (1k–4.9k)
Greenville University,2,873.0,30598.0,30598.0,0.5136,15000,46827.0,15000.0,0.0,Small (<1k)
Hebrew Theological College,2,81.0,14700.0,14700.0,0.7308,9924,33291.0,9924.0,0.0,Small (<1k)
University of Illinois Chicago,1,21814.0,14338.0,29360.0,0.603,13657,68740.0,13657.0,15022.0,Very Large (15k+)
Benedictine University,2,1817.0,34290.0,34290.0,0.5095,17500,63446.0,17500.0,0.0,Medium (1k–4.9k)
Illinois Wesleyan University,2,1570.0,55704.0,55704.0,0.8254,23221,70871.0,23221.0,0.0,Medium (1k–4.9k)
Illinois College,2,925.0,37470.0,37470.0,0.6109,14746,52575.0,14746.0,0.0,Small (<1k)
Illinois Institute of Technology,2,2812.0,51763.0,51763.0,0.7244,20687,82592.0,20687.0,0.0,Medium (1k–4.9k)
Illinois State University,1,18414.0,16021.0,28086.0,0.6632,15750,62117.0,15750.0,12065.0,Very Large (15k+)
Judson University,2,780.0,30910.0,30910.0,0.5325,14000,56313.0,14000.0,0.0,Small (<1k)
Knox College,2,997.0,55587.0,55587.0,0.6751,23852,54820.0,23852.0,0.0,Small (<1k)
Lake Forest College,2,1782.0,54202.0,54202.0,0.7042,21500,61825.0,21500.0,0.0,Medium (1k–4.9k)
Lewis University,2,3665.0,37882.0,37882.0,0.6256,18750,66099.0,18750.0,0.0,Medium (1k–4.9k)
Lincoln Christian University,2,44.0,15400.0,15400.0,0.5823,15000,43038.0,15000.0,0.0,Small (<1k)
Loyola University Chicago,2,11576.0,51716.0,51716.0,0.7692,20500,71530.0,20500.0,0.0,Large (5k–14.9k)
McKendree University,2,1600.0,34070.0,34070.0,0.5954,16240,58572.0,16240.0,0.0,Medium (1k–4.9k)
Methodist College,2,374.0,18008.0,18008.0,0.75,27000,69800.0,27000.0,0.0,Small (<1k)
Millikin University,2,1458.0,26892.0,43670.0,0.5907,19000,51262.0,19000.0,16778.0,Medium (1k–4.9k)
Monmouth College,2,725.0,43520.0,43520.0,0.6014,20000,51110.0,20000.0,0.0,Small (<1k)
Moody Bible Institute,2,1586.0,15356.0,15356.0,0.6199,12000,45399.0,12000.0,0.0,Medium (1k–4.9k)
National Louis University,2,4100.0,12345.0,12345.0,0.3687,12500,45799.0,12500.0,0.0,Medium (1k–4.9k)
North Central College,2,2360.0,44394.0,44394.0,0.7114,18750,60123.0,18750.0,0.0,Medium (1k–4.9k)
North Park University,2,1844.0,35325.0,35325.0,0.5596,19875,59572.0,19875.0,0.0,Medium (1k–4.9k)
Northern Illinois University,1,11277.0,12700.0,12700.0,0.4965,16250,57808.0,16250.0,0.0,Large (5k–14.9k)
Northeastern Illinois University,1,3869.0,12383.0,22726.0,0.1679,11969,52234.0,11969.0,10343.0,Medium (1k–4.9k)
Olivet Nazarene University,2,2485.0,37940.0,37940.0,0.6027,19313,53213.0,19313.0,0.0,Medium (1k–4.9k)
Quincy University,2,1038.0,35740.0,35740.0,0.4274,13000,50369.0,13000.0,0.0,Medium (1k–4.9k)
Rockford University,2,956.0,37300.0,37300.0,0.3826,15000,54794.0,15000.0,0.0,Small (<1k)
Roosevelt University,2,2583.0,20280.0,20280.0,0.4099,14667,48712.0,14667.0,0.0,Medium (1k–4.9k)
Dominican University,2,2271.0,37844.0,37844.0,0.6236,18750,60327.0,18750.0,0.0,Medium (1k–4.9k)
University of St Francis,2,1292.0,37000.0,37000.0,0.6463,16500,63926.0,16500.0,0.0,Medium (1k–4.9k)
Saint Xavier University,2,3030.0,36840.0,36840.0,0.59,16699,58656.0,16699.0,0.0,Medium (1k–4.9k)
University of Illinois Springfield,1,2292.0,12252.0,22017.0,0.6137,14000,57103.0,14000.0,9765.0,Medium (1k–4.9k)
St. Augustine College,2,749.0,13288.0,13288.0,0.2775,4136,35723.0,4136.0,0.0,Small (<1k)
Southern Illinois University-Carbondale,1,8116.0,13244.0,13244.0,0.563,17750,53390.0,17750.0,0.0,Large (5k–14.9k)
Southern Illinois University Edwardsville,1,8836.0,12922.0,12922.0,0.5497,15500,56346.0,15500.0,0.0,Large (5k–14.9k)
Trinity Christian College,2,796.0,20325.0,20325.0,0.6387,21358,55700.0,21358.0,0.0,Small (<1k)
Trinity International University-Illinois,2,140.0,12320.0,12320.0,0.4565,19500,46989.0,19500.0,0.0,Small (<1k)
VanderCook College of Music,2,70.0,30910.0,30910.0,0.4667,27000,47863.0,27000.0,0.0,Small (<1k)
Western Illinois University,1,4939.0,14952.0,14952.0,0.4477,19762,54163.0,19762.0,0.0,Medium (1k–4.9k)
Wheaton College,2,2087.0,43930.0,43930.0,0.8655,20000,63756.0,20000.0,0.0,Medium (1k–4.9k)
Anderson University,2,1070.0,35640.0,35640.0,0.4942,19500,48899.0,19500.0,0.0,Medium (1k–4.9k)
Ball State University,1,13770.0,10758.0,28766.0,0.6327,16904,51833.0,16904.0,18008.0,Large (5k–14.9k)
Bethel University,2,1069.0,33320.0,33320.0,0.5721,19293,48860.0,19293.0,0.0,Medium (1k–4.9k)
Butler University,2,4383.0,45980.0,45980.0,0.8015,22238,77235.0,22238.0,0.0,Medium (1k–4.9k)
Calumet College of Saint Joseph,2,560.0,22650.0,22650.0,0.299,9500,46945.0,9500.0,0.0,Small (<1k)
DePauw University,2,1804.0,57070.0,57070.0,0.8,24733,70527.0,24733.0,0.0,Medium (1k–4.9k)
Earlham College,2,612.0,51840.0,51840.0,0.6794,19500,50797.0,19500.0,0.0,Small (<1k)
University of Evansville,2,1477.0,42676.0,42676.0,0.7127,19000,53770.0,19000.0,0.0,Medium (1k–4.9k)
Franklin College,2,872.0,37350.0,37350.0,0.634,18998,55376.0,18998.0,0.0,Small (<1k)
Goshen College,2,761.0,37760.0,37760.0,0.6047,13750,51943.0,13750.0,0.0,Small (<1k)
Grace College and Theological Seminary,2,1511.0,30034.0,30034.0,0.6991,16750,45411.0,16750.0,0.0,Medium (1k–4.9k)
Hanover College,2,958.0,42894.0,42894.0,0.6356,19500,53957.0,19500.0,0.0,Small (<1k)
Holy Cross College,2,533.0,35500.0,35500.0,0.2947,11904,50416.0,11904.0,0.0,Small (<1k)
Huntington University,2,1016.0,29982.0,29982.0,0.682,18127,46672.0,18127.0,0.0,Medium (1k–4.9k)
Purdue University Fort Wayne,1,5450.0,9254.0,22220.0,0.3247,10556,45872.0,10556.0,12966.0,Large (5k–14.9k)
Indiana University-Indianapolis,1,16582.0,10449.0,33717.0,0.5387,13337,55198.0,13337.0,23268.0,Very Large (15k+)
University of Indianapolis,2,3147.0,36136.0,36136.0,0.5581,18714,53610.0,18714.0,0.0,Medium (1k–4.9k)
Indiana Institute of Technology,2,1361.0,30446.0,30446.0,0.3139,12564,47327.0,12564.0,0.0,Medium (1k–4.9k)
University of Southern Indiana,1,5344.0,10136.0,22573.0,0.5195,13236,47605.0,13236.0,12437.0,Large (5k–14.9k)
Indiana State University,1,6620.0,9992.0,21734.0,0.4107,14574,48387.0,14574.0,11742.0,Large (5k–14.9k)
Indiana University-Kokomo,1,2308.0,8179.0,22043.0,0.4475,10000,49917.0,10000.0,13864.0,Medium (1k–4.9k)
Indiana University-South Bend,1,3807.0,8179.0,22043.0,0.3574,12000,44947.0,12000.0,13864.0,Medium (1k–4.9k)
Indiana University-Northwest,1,2582.0,8179.0,22043.0,0.3685,12478,43361.0,12478.0,13864.0,Medium (1k–4.9k)
Indiana University-Southeast,1,3088.0,8179.0,22043.0,0.3341,11650,47596.0,11650.0,13864.0,Medium (1k–4.9k)
Indiana University-East,1,2446.0,8179.0,22043.0,0.4536,12000,47156.0,12000.0,13864.0,Medium (1k–4.9k)
Manchester University,2,895.0,37090.0,37090.0,0.4484,12250,51504.0,12250.0,0.0,Small (<1k)
Marian University,2,2336.0,39100.0,39100.0,0.6095,20000,58759.0,20000.0,0.0,Medium (1k–4.9k)
Indiana Wesleyan University-Marion,2,1927.0,31168.0,31168.0,0.6633,14335,59986.0,14335.0,0.0,Medium (1k–4.9k)
Martin University,2,164.0,12830.0,12830.0,0.3333,24332,22544.0,24332.0,0.0,Small (<1k)
Mid-America College of Funeral Service,2,337.0,19800.0,19800.0,0.5574,11625,44505.0,11625.0,0.0,Small (<1k)
Oakland City University,2,470.0,27150.0,27150.0,0.7,12174,43283.0,12174.0,0.0,Small (<1k)
University of Saint Francis-Fort Wayne,2,1599.0,35420.0,35420.0,0.6067,18750,55362.0,18750.0,0.0,Medium (1k–4.9k)
Saint Mary-of-the-Woods College,2,896.0,33490.0,33490.0,0.5227,13600,43845.0,13600.0,0.0,Small (<1k)
Saint Mary's College,2,1399.0,51430.0,51430.0,0.7652,23199,59354.0,23199.0,0.0,Medium (1k–4.9k)
Taylor University,2,1890.0,39104.0,39104.0,0.7656,15500,52198.0,15500.0,0.0,Medium (1k–4.9k)
Trine University,2,2344.0,35600.0,35600.0,0.6761,18500,57165.0,18500.0,0.0,Medium (1k–4.9k)
Valparaiso University,2,2229.0,46588.0,46588.0,0.6704,22133,63191.0,22133.0,0.0,Medium (1k–4.9k)
Vincennes University,1,3739.0,6886.0,16289.0,0.3473,9227,41110.0,9227.0,9403.0,Medium (1k–4.9k)
Wabash College,2,845.0,49125.0,49125.0,0.7706,24855,69952.0,24855.0,0.0,Small (<1k)
Briar Cliff University,2,626.0,35534.0,35534.0,0.4937,15506,54475.0,15506.0,0.0,Small (<1k)
Buena Vista University,2,1378.0,40190.0,40190.0,0.4729,17500,49156.0,17500.0,0.0,Medium (1k–4.9k)
Central College,2,1062.0,20988.0,20988.0,0.6916,20815,54317.0,20815.0,0.0,Medium (1k–4.9k)
Clarke University,2,782.0,39600.0,39600.0,0.5494,19500,55396.0,19500.0,0.0,Small (<1k)
Coe College,2,1246.0,52576.0,52576.0,0.59,20496,57125.0,20496.0,0.0,Medium (1k–4.9k)
Cornell College,2,1074.0,50634.0,50634.0,0.7167,21500,53460.0,21500.0,0.0,Medium (1k–4.9k)
Dordt University,2,1547.0,35960.0,35960.0,0.6533,17500,52559.0,17500.0,0.0,Medium (1k–4.9k)
Drake University,2,2669.0,49944.0,49944.0,0.7731,19500,71901.0,19500.0,0.0,Medium (1k–4.9k)
University of Dubuque,2,1473.0,40065.0,40065.0,0.4105,17070,51190.0,17070.0,0.0,Medium (1k–4.9k)
Emmaus Bible College,2,183.0,20000.0,20000.0,0.8167,9350,42631.0,9350.0,0.0,Small (<1k)
Faith Baptist Bible College and Theological Seminary,2,371.0,19530.0,19530.0,0.6105,8750,40650.0,8750.0,0.0,Small (<1k)
Graceland University-Lamoni,2,901.0,33220.0,33220.0,0.3834,14209,47361.0,14209.0,0.0,Small (<1k)
Grand View University,2,1472.0,33450.0,33450.0,0.5579,15097,52824.0,15097.0,0.0,Medium (1k–4.9k)
Grinnell College,2,1705.0,64862.0,64862.0,0.8747,14151,62830.0,14151.0,0.0,Medium (1k–4.9k)
Orion Technical College,3,73.0,15600.0,15600.0,0.8049,9500,37008.0,9500.0,0.0,Small (<1k)
Iowa State University,1,25033.0,10497.0,27683.0,0.7547,18750,63386.0,18750.0,17186.0,Very Large (15k+)
University of Iowa,1,21691.0,10964.0,32927.0,0.7306,18207,64762.0,18207.0,21963.0,Very Large (15k+)
Loras College,2,1087.0,38298.0,38298.0,0.6985,19500,58289.0,19500.0,0.0,Medium (1k–4.9k)
Luther College,2,1454.0,50320.0,50320.0,0.75,22200,59850.0,22200.0,0.0,Medium (1k–4.9k)
Maharishi International University,2,774.0,16530.0,16530.0,0.1765,11558,27981.0,11558.0,0.0,Small (<1k)
Mercy College of Health Sciences,2,905.0,17328.0,17328.0,0.4857,12500,62234.0,12500.0,0.0,Small (<1k)
Morningside University,2,1166.0,38190.0,38190.0,0.5284,15750,55494.0,15750.0,0.0,Medium (1k–4.9k)
Mount Mercy University,2,1135.0,39070.0,39070.0,0.5588,18500,60787.0,18500.0,0.0,Medium (1k–4.9k)
Ashford University,3,23734.0,13160.0,13160.0,0.0877,9500,35404.0,9500.0,0.0,Very Large (15k+)
University of Northern Iowa,1,7599.0,9728.0,21272.0,0.6894,16486,55177.0,16486.0,11544.0,Large (5k–14.9k)
Northwestern College,2,1125.0,35300.0,35300.0,0.6357,16791,49802.0,16791.0,0.0,Medium (1k–4.9k)
Saint Ambrose University,2,2101.0,35598.0,35598.0,0.6285,19500,59531.0,19500.0,0.0,Medium (1k–4.9k)
St Luke's College,2,192.0,20940.0,20940.0,0.3333,13000,61033.0,13000.0,0.0,Small (<1k)
Simpson College,2,1130.0,46212.0,46212.0,0.6566,20262,59274.0,20262.0,0.0,Medium (1k–4.9k)
Upper Iowa University,2,2021.0,19000.0,19000.0,0.4147,18000,52766.0,18000.0,0.0,Medium (1k–4.9k)
Waldorf University,3,2103.0,25220.0,25220.0,0.2897,12025,51165.0,12025.0,0.0,Medium (1k–4.9k)
Wartburg College,2,1446.0,51040.0,51040.0,0.6682,19500,56201.0,19500.0,0.0,Medium (1k–4.9k)
William Penn University,2,1391.0,28750.0,28750.0,0.2924,12000,48936.0,12000.0,0.0,Medium (1k–4.9k)
Baker University,2,1080.0,33900.0,33900.0,0.5938,18530,63855.0,18530.0,0.0,Medium (1k–4.9k)
Benedictine College,2,2236.0,34800.0,34800.0,0.6507,18570,53175.0,18570.0,0.0,Medium (1k–4.9k)
Bethany College,2,583.0,31946.0,31946.0,0.2867,9500,49694.0,9500.0,0.0,Small (<1k)
Bethel College-North Newton,2,499.0,34002.0,34002.0,0.4309,12000,49898.0,12000.0,0.0,Small (<1k)
Central Christian College of Kansas,2,394.0,21000.0,21000.0,0.2303,15750,44468.0,15750.0,0.0,Small (<1k)
Donnelly College,2,343.0,10350.0,10350.0,0.38,8747,35715.0,8747.0,0.0,Small (<1k)
Emporia State University,1,2328.0,7356.0,15669.0,0.543,14000,47601.0,14000.0,8313.0,Medium (1k–4.9k)
Fort Hays State University,1,9792.0,5633.0,16811.0,0.4785,14250,48928.0,14250.0,11178.0,Large (5k–14.9k)
Barclay College,2,161.0,26590.0,26590.0,0.5517,24320,36355.0,24320.0,0.0,Small (<1k)
Friends University,2,1015.0,32748.0,32748.0,0.6149,17413,52113.0,17413.0,0.0,Medium (1k–4.9k)
Haskell Indian Nations University,1,878.0,600.0,600.0,0.4259,PS,37043.0,,0.0,Small (<1k)
Hesston College,2,308.0,31368.0,31368.0,0.5741,12000,47495.0,12000.0,0.0,Small (<1k)
University of Kansas,1,19857.0,11700.0,29412.0,0.6879,15500,61945.0,15500.0,17712.0,Very Large (15k+)
Newman University,2,857.0,35500.0,35500.0,0.5377,15240,55041.0,15240.0,0.0,Small (<1k)
Kansas State University,1,14835.0,10942.0,27816.0,0.7047,17294,57262.0,17294.0,16874.0,Large (5k–14.9k)
Kansas Wesleyan University,2,894.0,33470.0,33470.0,0.3846,15000,51152.0,15000.0,0.0,Small (<1k)
Manhattan Christian College,2,132.0,18424.0,18424.0,0.5479,13000,48860.0,13000.0,0.0,Small (<1k)
McPherson College,2,786.0,35162.0,35162.0,0.52,13833,52084.0,13833.0,0.0,Small (<1k)
MidAmerica Nazarene University,2,977.0,36120.0,36120.0,0.4615,12912,62972.0,12912.0,0.0,Small (<1k)
Ottawa University-Ottawa,2,935.0,35300.0,35300.0,0.2872,12500,55552.0,12500.0,0.0,Small (<1k)
Pittsburg State University,1,4162.0,8008.0,19692.0,0.5758,14000,50579.0,14000.0,11684.0,Medium (1k–4.9k)
University of Saint Mary,2,889.0,33890.0,33890.0,0.4406,14817,59483.0,14817.0,0.0,Small (<1k)
Southwestern College,2,1026.0,38480.0,38480.0,0.3351,12500,55646.0,12500.0,0.0,Medium (1k–4.9k)
Sterling College,2,569.0,32200.0,32200.0,0.2903,12000,45846.0,12000.0,0.0,Small (<1k)
Tabor College,2,530.0,35050.0,35050.0,0.3289,14000,54058.0,14000.0,0.0,Small (<1k)
Washburn University,1,4093.0,9578.0,20582.0,0.5263,12500,49774.0,12500.0,11004.0,Medium (1k–4.9k)
Wichita State University,1,10493.0,9322.0,19240.0,0.5143,14700,51532.0,14700.0,9918.0,Large (5k–14.9k)
Alice Lloyd College,2,528.0,14080.0,14080.0,0.2636,7990,40573.0,7990.0,0.0,Small (<1k)
Asbury University,2,1369.0,33640.0,33640.0,0.65,17500,42368.0,17500.0,0.0,Medium (1k–4.9k)
Bellarmine University,2,2286.0,47180.0,47180.0,0.6775,20000,62069.0,20000.0,0.0,Medium (1k–4.9k)
Berea College,2,1472.0,49326.0,49326.0,0.6204,3516,43150.0,3516.0,0.0,Medium (1k–4.9k)
Brescia University,2,538.0,30450.0,30450.0,0.4597,20185,45500.0,20185.0,0.0,Small (<1k)
Campbellsville University,2,2641.0,26990.0,26990.0,0.4713,9500,41583.0,9500.0,0.0,Medium (1k–4.9k)
Centre College,2,1346.0,50550.0,50550.0,0.8529,25125,66240.0,25125.0,0.0,Medium (1k–4.9k)
Clear Creek Baptist Bible College,2,132.0,10120.0,10120.0,0.3333,PS,41623.0,,0.0,Small (<1k)
University of the Cumberlands,2,5468.0,9875.0,9875.0,0.4624,8592,45036.0,8592.0,0.0,Large (5k–14.9k)
Eastern Kentucky University,1,11674.0,10130.0,20820.0,0.4974,14929,45795.0,14929.0,10690.0,Large (5k–14.9k)
Georgetown College,2,1180.0,42010.0,42010.0,0.4754,13000,52074.0,13000.0,0.0,Medium (1k–4.9k)
American National University-Pikeville,3,229.0,11484.0,11484.0,0.5,10814,28188.0,10814.0,0.0,Small (<1k)
Kentucky Mountain Bible College,2,72.0,10060.0,10060.0,0.3571,5500,21256.0,5500.0,0.0,Small (<1k)
Kentucky State University,1,1317.0,9214.0,13260.0,0.2714,12250,36382.0,12250.0,4046.0,Medium (1k–4.9k)
Kentucky Wesleyan College,2,794.0,33393.0,33393.0,0.526,11000,46747.0,11000.0,0.0,Small (<1k)
University of Kentucky,1,23189.0,13212.0,33406.0,0.6993,16750,59025.0,16750.0,20194.0,Very Large (15k+)
Kentucky Christian University,2,438.0,25000.0,25000.0,0.3377,8510,42375.0,8510.0,0.0,Small (<1k)
Lindsey Wilson College,2,1649.0,27274.0,27274.0,0.3808,11514,41129.0,11514.0,0.0,Medium (1k–4.9k)
University of Louisville,1,14187.0,12828.0,29174.0,0.6068,13750,53899.0,13750.0,16346.0,Large (5k–14.9k)
Midway University,2,1250.0,26080.0,26080.0,0.4638,12470,44246.0,12470.0,0.0,Medium (1k–4.9k)
Morehead State University,1,4689.0,9838.0,14706.0,0.4769,14705,43197.0,14705.0,4868.0,Medium (1k–4.9k)
Murray State University,1,6646.0,9708.0,19452.0,0.5953,15000,44737.0,15000.0,9744.0,Large (5k–14.9k)
Northern Kentucky University,1,8065.0,10896.0,21480.0,0.4828,15159,50220.0,15159.0,10584.0,Large (5k–14.9k)
University of Pikeville,2,1140.0,24150.0,24150.0,0.3907,12467,48231.0,12467.0,0.0,Medium (1k–4.9k)
Spalding University,2,597.0,27850.0,27850.0,0.5732,20500,49438.0,20500.0,0.0,Small (<1k)
Sullivan University,3,2498.0,14220.0,14220.0,0.3018,10688,38008.0,10688.0,0.0,Medium (1k–4.9k)
Thomas More University,2,1305.0,38400.0,38400.0,0.4011,14376,59384.0,14376.0,0.0,Medium (1k–4.9k)
Transylvania University,2,1014.0,44980.0,44980.0,0.6975,20000,54705.0,20000.0,0.0,Medium (1k–4.9k)
Union Commonwealth University,2,736.0,30946.0,30946.0,0.3603,14250,42002.0,14250.0,0.0,Small (<1k)
Western Kentucky University,1,12267.0,11436.0,27000.0,0.5367,14702,43889.0,14702.0,15564.0,Large (5k–14.9k)
Centenary College of Louisiana,2,615.0,40000.0,40000.0,0.593,15250,50330.0,15250.0,0.0,Small (<1k)
Dillard University,2,1111.0,22194.0,22194.0,0.451,23048,39196.0,23048.0,0.0,Medium (1k–4.9k)
Grambling State University,1,4144.0,7683.0,16706.0,0.3234,24500,41109.0,24500.0,9023.0,Medium (1k–4.9k)
Louisiana State University-Alexandria,1,4414.0,7050.0,14650.0,0.3552,10500,42205.0,10500.0,7600.0,Medium (1k–4.9k)
Louisiana State University and Agricultural & Mechanical College,1,29207.0,11954.0,28631.0,0.7096,12956,61251.0,12956.0,16677.0,Very Large (15k+)
Louisiana State University-Shreveport,1,2150.0,7327.0,20481.0,0.3321,15000,47477.0,15000.0,13154.0,Medium (1k–4.9k)
Louisiana Christian University,2,750.0,19740.0,19740.0,0.4128,11000,51700.0,11000.0,0.0,Small (<1k)
Louisiana Tech University,1,7819.0,10125.0,16866.0,0.5762,15000,52279.0,15000.0,6741.0,Large (5k–14.9k)
Loyola University New Orleans,2,2999.0,47240.0,47240.0,0.6742,18500,52927.0,18500.0,0.0,Medium (1k–4.9k)
McNeese State University,1,4846.0,8460.0,9960.0,0.5201,13000,46453.0,13000.0,1500.0,Medium (1k–4.9k)
University of New Orleans,1,4479.0,9172.0,14008.0,0.4251,11000,47872.0,11000.0,4836.0,Medium (1k–4.9k)
Nicholls State University,1,4772.0,8173.0,9266.0,0.5429,13156,45454.0,13156.0,1093.0,Medium (1k–4.9k)
University of Louisiana at Monroe,1,4891.0,9190.0,21290.0,0.506,15000,46769.0,15000.0,12100.0,Medium (1k–4.9k)
Northwestern State University of Louisiana,1,5840.0,8864.0,19652.0,0.4463,15000,47021.0,15000.0,10788.0,Large (5k–14.9k)
University of Holy Cross,2,405.0,16160.0,16160.0,0.3582,19500,49316.0,19500.0,0.0,Small (<1k)
Franciscan Missionaries of Our Lady University,2,826.0,15690.0,15690.0,0.5132,16669,59419.0,16669.0,0.0,Small (<1k)
Saint Joseph Seminary College,2,91.0,26770.0,26770.0,0.4,PS,38366.0,,0.0,Small (<1k)
Southeastern Louisiana University,1,9514.0,8373.0,20851.0,0.448,11077,46482.0,11077.0,12478.0,Large (5k–14.9k)
Southern University and A & M College,1,5323.0,9940.0,17198.0,0.2845,15455,43371.0,15455.0,7258.0,Large (5k–14.9k)
Southern University at New Orleans,1,1095.0,7490.0,16390.0,0.1786,19500,34042.0,19500.0,8900.0,Medium (1k–4.9k)
University of Louisiana at Lafayette,1,12269.0,10418.0,24146.0,0.52,14991,47089.0,14991.0,13728.0,Large (5k–14.9k)
Xavier University of Louisiana,2,2534.0,27868.0,27868.0,0.5021,14000,52184.0,14000.0,0.0,Medium (1k–4.9k)
College of the Atlantic,2,358.0,46179.0,46179.0,0.6923,17723,40264.0,17723.0,0.0,Small (<1k)
Bates College,2,1753.0,63478.0,63478.0,0.9059,12442,69498.0,12442.0,0.0,Medium (1k–4.9k)
Bowdoin College,2,1846.0,64910.0,64910.0,0.956,12000,82735.0,12000.0,0.0,Medium (1k–4.9k)
Maine College of Health Professions,2,228.0,17827.0,17827.0,0.8333,12000,79840.0,12000.0,0.0,Small (<1k)
University of Maine at Augusta,1,2759.0,8618.0,21548.0,0.2328,13215,40342.0,13215.0,12930.0,Medium (1k–4.9k)
University of Maine at Farmington,1,1131.0,10989.0,23079.0,0.5275,16722,44433.0,16722.0,12090.0,Medium (1k–4.9k)
University of Maine at Fort Kent,1,638.0,9045.0,14325.0,0.3984,12778,51077.0,12778.0,5280.0,Small (<1k)
University of Maine,1,8341.0,12606.0,35346.0,0.5643,16750,48653.0,16750.0,22740.0,Large (5k–14.9k)
Maine Maritime Academy,1,888.0,14746.0,30226.0,0.6141,26812,89964.0,26812.0,15480.0,Small (<1k)
University of Maine at Presque Isle,1,1362.0,8990.0,14270.0,0.3766,8275,40956.0,8275.0,5280.0,Medium (1k–4.9k)
University of New England,2,2189.0,42550.0,42550.0,0.6083,20000,55921.0,20000.0,0.0,Medium (1k–4.9k)
Maine College of Art & Design,2,415.0,41398.0,41398.0,0.4874,19000,40778.0,19000.0,0.0,Small (<1k)
Saint Joseph's College of Maine,2,930.0,42834.0,42834.0,0.6855,19576,59045.0,19576.0,0.0,Small (<1k)
University of Southern Maine,1,4245.0,10920.0,27104.0,0.4634,12887,49958.0,12887.0,16184.0,Medium (1k–4.9k)
Thomas College,2,688.0,30896.0,30896.0,0.5136,20000,44991.0,20000.0,0.0,Small (<1k)
Unity Environmental University,2,5619.0,12640.0,12640.0,0.5698,4752,37852.0,4752.0,0.0,Large (5k–14.9k)
University of Baltimore,1,1276.0,9772.0,23490.0,0.4673,18972,61335.0,18972.0,13718.0,Medium (1k–4.9k)
Bowie State University,1,5207.0,8999.0,19889.0,0.3814,12861,54537.0,12861.0,10890.0,Large (5k–14.9k)
Capitol Technology University,2,259.0,27318.0,27318.0,0.4667,12000,85035.0,12000.0,0.0,Small (<1k)
Washington Adventist University,2,522.0,25200.0,25200.0,0.4,22750,64249.0,22750.0,0.0,Small (<1k)
Coppin State University,1,1756.0,7001.0,13789.0,0.2559,15606,46490.0,15606.0,6788.0,Medium (1k–4.9k)
Frostburg State University,1,2849.0,9998.0,25180.0,0.5207,14867,55493.0,14867.0,15182.0,Medium (1k–4.9k)
Goucher College,2,948.0,51250.0,51250.0,0.6,17882,53023.0,17882.0,0.0,Small (<1k)
Hood College,2,1202.0,45870.0,45870.0,0.5529,18185,57089.0,18185.0,0.0,Medium (1k–4.9k)
Johns Hopkins University,2,5617.0,63340.0,63340.0,0.9463,9000,87555.0,9000.0,0.0,Large (5k–14.9k)
Loyola University Maryland,2,3975.0,55480.0,55480.0,0.8049,23882,82652.0,23882.0,0.0,Medium (1k–4.9k)
University of Maryland-Baltimore County,1,10434.0,12952.0,30308.0,0.7055,15750,69960.0,15750.0,17356.0,Large (5k–14.9k)
University of Maryland-College Park,1,30246.0,11505.0,40306.0,0.8862,17000,82860.0,17000.0,28801.0,Very Large (15k+)
Maryland Institute College of Art,2,1319.0,55150.0,55150.0,0.7133,16250,45212.0,16250.0,0.0,Medium (1k–4.9k)
University of Maryland Eastern Shore,1,2165.0,8898.0,19728.0,0.3464,18500,47697.0,18500.0,10830.0,Medium (1k–4.9k)
Morgan State University,1,8293.0,8118.0,18800.0,0.4161,19500,50698.0,19500.0,10682.0,Large (5k–14.9k)
Mount St. Mary's University,2,1806.0,47240.0,47240.0,0.5802,15000,64072.0,15000.0,0.0,Medium (1k–4.9k)
Ner Israel Rabbinical College,2,292.0,14400.0,14400.0,0.439,PS,66330.0,,0.0,Small (<1k)
Notre Dame of Maryland University,2,684.0,41910.0,41910.0,0.5195,17990,65344.0,17990.0,0.0,Small (<1k)
Salisbury University,1,6056.0,10638.0,21332.0,0.6745,15750,61515.0,15750.0,10694.0,Large (5k–14.9k)
St. Mary's College of Maryland,1,1566.0,15236.0,31312.0,0.6804,17000,60110.0,17000.0,16076.0,Medium (1k–4.9k)
St. John's College,2,488.0,39126.0,39126.0,0.6741,19500,51584.0,19500.0,0.0,Small (<1k)
Towson University,1,16400.0,11306.0,28326.0,0.6762,15362,64390.0,15362.0,17020.0,Very Large (15k+)
Stevenson University,2,3027.0,39708.0,39708.0,0.6642,21500,62079.0,21500.0,0.0,Medium (1k–4.9k)
Washington College,2,890.0,54356.0,54356.0,0.7411,21000,65518.0,21000.0,0.0,Small (<1k)
McDaniel College,2,1652.0,49647.0,49647.0,0.6376,15000,60663.0,15000.0,0.0,Medium (1k–4.9k)
American International College,2,1097.0,42970.0,42970.0,0.4228,21063,53124.0,21063.0,0.0,Medium (1k–4.9k)
Anna Maria College,2,948.0,43064.0,43064.0,0.4044,17500,46651.0,17500.0,0.0,Small (<1k)
Assumption University,2,1664.0,49414.0,49414.0,0.7459,24250,74895.0,24250.0,0.0,Medium (1k–4.9k)
Boston Baptist College,2,31.0,14304.0,14304.0,0.4444,PS,34159.0,,0.0,Small (<1k)
Bay Path University,2,1186.0,37227.0,37227.0,0.5694,19100,55383.0,19100.0,0.0,Medium (1k–4.9k)
Berklee College of Music,2,7510.0,50270.0,50270.0,0.6635,15750,33647.0,15750.0,0.0,Large (5k–14.9k)
Boston Architectural College,2,269.0,26800.0,26800.0,0.3846,24750,62123.0,24750.0,0.0,Small (<1k)
Bridgewater State University,1,7899.0,11389.0,17529.0,0.5461,18746,57466.0,18746.0,6140.0,Large (5k–14.9k)
Cambridge College,2,591.0,18072.0,18072.0,0.125,14917,45998.0,14917.0,0.0,Small (<1k)
Clark University,2,2336.0,55160.0,55160.0,0.7712,22141,62381.0,22141.0,0.0,Medium (1k–4.9k)
Curry College,2,1757.0,46220.0,46220.0,0.4825,18320,54400.0,18320.0,0.0,Medium (1k–4.9k)
Dean College,2,1142.0,44960.0,44960.0,0.4317,12000,38109.0,12000.0,0.0,Medium (1k–4.9k)
Eastern Nazarene College,2,378.0,28610.0,28610.0,0.3529,19500,54727.0,19500.0,0.0,Small (<1k)
Emerson College,2,4145.0,55392.0,55392.0,0.7927,19000,62832.0,19000.0,0.0,Medium (1k–4.9k)
Emmanuel College,2,1874.0,46686.0,46686.0,0.6582,22969,68245.0,22969.0,0.0,Medium (1k–4.9k)
Endicott College,2,3101.0,39212.0,39212.0,0.7543,23250,58336.0,23250.0,0.0,Medium (1k–4.9k)
Fisher College,2,1138.0,35013.0,35013.0,0.2844,12500,49669.0,12500.0,0.0,Medium (1k–4.9k)
Fitchburg State University,1,2825.0,11046.0,17126.0,0.5273,18220,53874.0,18220.0,6080.0,Medium (1k–4.9k)
Framingham State University,1,2556.0,11630.0,17710.0,0.4954,17224,52349.0,17224.0,6080.0,Medium (1k–4.9k)
Benjamin Franklin Cummings Institute of Technology,2,412.0,18906.0,18906.0,0.4716,9500,57556.0,9500.0,0.0,Small (<1k)
Gordon College,2,1247.0,28100.0,28100.0,0.6763,23250,52119.0,23250.0,0.0,Medium (1k–4.9k)
Hampshire College,2,716.0,56630.0,56630.0,0.5723,25000,46938.0,25000.0,0.0,Small (<1k)
Hellenic College-Holy Cross Greek Orthodox School of Theology,2,49.0,22490.0,22490.0,0.4444,13521,51724.0,13521.0,0.0,Small (<1k)
College of the Holy Cross,2,3015.0,60850.0,60850.0,0.8961,25879,90543.0,25879.0,0.0,Medium (1k–4.9k)
Lasell University,2,1152.0,26000.0,26000.0,0.5317,21500,49705.0,21500.0,0.0,Medium (1k–4.9k)
Lesley University,2,1252.0,32780.0,32780.0,0.6174,15000,51173.0,15000.0,0.0,Medium (1k–4.9k)
Longy School of Music of Bard College,2,34.0,52950.0,52950.0,0.4444,19000,46543.0,19000.0,0.0,Small (<1k)
University of Massachusetts-Lowell,1,11632.0,16570.0,35396.0,0.701,18250,64874.0,18250.0,18826.0,Large (5k–14.9k)
University of Massachusetts-Amherst,1,23694.0,17357.0,39293.0,0.8316,20000,71631.0,20000.0,21936.0,Very Large (15k+)
University of Massachusetts-Boston,1,11848.0,15496.0,37174.0,0.5115,15000,65865.0,15000.0,21678.0,Large (5k–14.9k)
Massachusetts College of Art and Design,1,1812.0,14960.0,42180.0,0.6919,19500,43582.0,19500.0,27220.0,Medium (1k–4.9k)
Massachusetts Maritime Academy,1,1270.0,10816.0,23910.0,0.7912,20500,82392.0,20500.0,13094.0,Medium (1k–4.9k)
Merrimack College,2,4043.0,51786.0,51786.0,0.7213,23750,75584.0,23750.0,0.0,Medium (1k–4.9k)
Montserrat College of Art,2,261.0,39000.0,39000.0,0.6154,23707,33022.0,23707.0,0.0,Small (<1k)
Mount Holyoke College,2,2198.0,64142.0,64142.0,0.8504,18258,58418.0,18258.0,0.0,Medium (1k–4.9k)
The New England Conservatory of Music,2,371.0,58550.0,58550.0,0.7778,19500,34483.0,19500.0,0.0,Small (<1k)
Nichols College,2,1152.0,40375.0,40375.0,0.6364,19500,58063.0,19500.0,0.0,Medium (1k–4.9k)
Massachusetts College of Liberal Arts,1,748.0,11884.0,20559.0,0.4913,15750,48102.0,15750.0,8675.0,Small (<1k)
Northeastern University,2,15719.0,63141.0,63141.0,0.9038,22000,92538.0,22000.0,0.0,Very Large (15k+)
College of Our Lady of the Elms,2,951.0,42061.0,42061.0,0.6474,20500,51540.0,20500.0,0.0,Small (<1k)
Quincy College,1,2126.0,7536.0,7536.0,0.1663,8300,52506.0,8300.0,0.0,Medium (1k–4.9k)
Regis College,2,1061.0,47770.0,47770.0,0.6949,23750,52873.0,23750.0,0.0,Medium (1k–4.9k)
Salem State University,1,4286.0,11978.0,18961.0,0.5499,19500,56662.0,19500.0,6983.0,Medium (1k–4.9k)
Simmons University,2,1750.0,45538.0,45538.0,0.7125,21780,63494.0,21780.0,0.0,Medium (1k–4.9k)
Smith College,2,2501.0,61568.0,61568.0,0.8966,13500,64027.0,13500.0,0.0,Medium (1k–4.9k)
Springfield College,2,1916.0,43707.0,43707.0,0.6763,23000,48036.0,23000.0,0.0,Medium (1k–4.9k)
University of Massachusetts-Dartmouth,1,5289.0,15208.0,31750.0,0.4897,18133,68804.0,18133.0,16542.0,Large (5k–14.9k)
Stonehill College,2,2477.0,54500.0,54500.0,0.8081,23472,77745.0,23472.0,0.0,Medium (1k–4.9k)
Suffolk University,2,4434.0,45380.0,45380.0,0.5985,20500,67506.0,20500.0,0.0,Medium (1k–4.9k)
Wellesley College,2,2318.0,64320.0,64320.0,0.9121,8700,84803.0,8700.0,0.0,Medium (1k–4.9k)
Wentworth Institute of Technology,2,3641.0,41010.0,41010.0,0.6863,18500,82721.0,18500.0,0.0,Medium (1k–4.9k)
Western New England University,2,2508.0,46430.0,46430.0,0.6389,19500,73157.0,19500.0,0.0,Medium (1k–4.9k)
Westfield State University,1,3481.0,11882.0,17962.0,0.5486,15250,57346.0,15250.0,6080.0,Medium (1k–4.9k)
Wheaton College (Massachusetts),2,1744.0,62080.0,62080.0,0.757,23000,67725.0,23000.0,0.0,Medium (1k–4.9k)
Williams College,2,2060.0,64860.0,64860.0,0.9655,11667,88665.0,11667.0,0.0,Medium (1k–4.9k)
Worcester State University,1,3963.0,11286.0,17366.0,0.5551,13916,60624.0,13916.0,6080.0,Medium (1k–4.9k)
Adrian College,2,1635.0,40556.0,40556.0,0.5595,16000,55504.0,16000.0,0.0,Medium (1k–4.9k)
Albion College,2,1347.0,55746.0,55746.0,0.5709,19500,58799.0,19500.0,0.0,Medium (1k–4.9k)
Alma College,2,1208.0,47430.0,47430.0,0.6373,23250,54742.0,23250.0,0.0,Medium (1k–4.9k)
Alpena Community College,1,715.0,5130.0,7800.0,0.502,5500,36442.0,5500.0,2670.0,Small (<1k)
Andrews University,2,1262.0,33710.0,33710.0,0.6593,19716,53187.0,19716.0,0.0,Medium (1k–4.9k)
Aquinas College,2,1201.0,38520.0,38520.0,0.625,17992,49584.0,17992.0,0.0,Medium (1k–4.9k)
Baker College,2,3026.0,12810.0,12810.0,0.3133,16753,35833.0,16753.0,0.0,Medium (1k–4.9k)
Calvin University,2,2921.0,38670.0,38670.0,0.7736,19500,58375.0,19500.0,0.0,Medium (1k–4.9k)
Central Michigan University,1,9916.0,14190.0,14190.0,0.6184,23183,55874.0,23183.0,0.0,Large (5k–14.9k)
Cleary University,2,774.0,24842.0,24842.0,0.3939,12469,54186.0,12469.0,0.0,Small (<1k)
Concordia University Ann Arbor,2,918.0,34200.0,34200.0,0.5,19500,56075.0,19500.0,0.0,Small (<1k)
College for Creative Studies,2,1285.0,51355.0,51355.0,0.6962,19000,44860.0,19000.0,0.0,Medium (1k–4.9k)
Davenport University,2,3213.0,23324.0,23324.0,0.4952,17353,45099.0,17353.0,0.0,Medium (1k–4.9k)
University of Detroit Mercy,2,2289.0,32300.0,32300.0,0.681,19950,71030.0,19950.0,0.0,Medium (1k–4.9k)
Eastern Michigan University,1,10751.0,15510.0,15510.0,0.4549,18750,51793.0,18750.0,0.0,Large (5k–14.9k)
Ferris State University,1,8087.0,13630.0,13630.0,0.4787,15500,54735.0,15500.0,0.0,Large (5k–14.9k)
Kettering University,2,1279.0,46380.0,46380.0,0.7054,26563,94823.0,26563.0,0.0,Medium (1k–4.9k)
Grace Christian University,2,707.0,14992.0,14992.0,0.4286,9500,41663.0,9500.0,0.0,Small (<1k)
Cornerstone University,2,1387.0,29100.0,29100.0,0.6157,18634,47314.0,18634.0,0.0,Medium (1k–4.9k)
Grand Valley State University,1,19073.0,14628.0,20820.0,0.6865,19500,56118.0,19500.0,6192.0,Very Large (15k+)
Great Lakes Christian College,2,130.0,19990.0,19990.0,0.2593,12250,31053.0,12250.0,0.0,Small (<1k)
Henry Ford College,1,8695.0,3460.0,7040.0,0.1063,7300,34795.0,7300.0,3580.0,Large (5k–14.9k)
Hope College,2,3274.0,40420.0,40420.0,0.8226,23250,58427.0,23250.0,0.0,Medium (1k–4.9k)
Jackson College,1,3563.0,7040.0,9795.0,0.1738,8750,36898.0,8750.0,2755.0,Medium (1k–4.9k)
Kalamazoo College,2,1175.0,58764.0,58764.0,0.817,22810,65590.0,22810.0,0.0,Medium (1k–4.9k)
Lake Superior State University,1,1391.0,14266.0,14266.0,0.5694,14764,49045.0,14764.0,0.0,Medium (1k–4.9k)
Lawrence Technological University,2,1701.0,41872.0,41872.0,0.6257,20500,69151.0,20500.0,0.0,Medium (1k–4.9k)
Madonna University,2,1637.0,27360.0,27360.0,0.5815,19000,59058.0,19000.0,0.0,Medium (1k–4.9k)
Rochester University,2,827.0,27938.0,27938.0,0.414,14750,48707.0,14750.0,0.0,Small (<1k)
Michigan Technological University,1,5829.0,18392.0,41340.0,0.6872,20500,78198.0,20500.0,22948.0,Large (5k–14.9k)
University of Michigan-Dearborn,1,5882.0,14944.0,31360.0,0.5655,17000,59649.0,17000.0,16416.0,Large (5k–14.9k)
University of Michigan-Flint,1,4157.0,14014.0,31274.0,0.4456,18494,53230.0,18494.0,17260.0,Medium (1k–4.9k)
Northern Michigan University,1,6425.0,13304.0,18800.0,0.5084,13750,47107.0,13750.0,5496.0,Large (5k–14.9k)
Northwestern Michigan College,1,2668.0,5350.0,12762.0,0.2489,8191,38167.0,8191.0,7412.0,Medium (1k–4.9k)
Northwood University,2,1900.0,33000.0,33000.0,0.6107,18750,63075.0,18750.0,0.0,Medium (1k–4.9k)
Oakland University,1,12450.0,14694.0,23188.0,0.5694,16787,58612.0,16787.0,8494.0,Large (5k–14.9k)
The University of Olivet,2,918.0,33076.0,33076.0,0.3704,13000,47907.0,13000.0,0.0,Small (<1k)
Kuyper College,2,119.0,26390.0,26390.0,0.5357,16304,41066.0,16304.0,0.0,Small (<1k)
Sacred Heart Major Seminary,2,176.0,25560.0,25560.0,0.6667,7500,49295.0,7500.0,0.0,Small (<1k)
Saginaw Valley State University,1,6004.0,12240.0,28752.0,0.5382,17500,51955.0,17500.0,16512.0,Large (5k–14.9k)
Schoolcraft Community College District,1,6626.0,4448.0,7906.0,0.153,5531,42722.0,5531.0,3458.0,Large (5k–14.9k)
Siena Heights University,2,1533.0,29778.0,29778.0,0.5111,15625,57529.0,15625.0,0.0,Medium (1k–4.9k)
Spring Arbor University,2,990.0,32580.0,32580.0,0.5985,24724,51732.0,24724.0,0.0,Small (<1k)
Wayne State University,1,15676.0,14297.0,30419.0,0.5651,16597,53493.0,16597.0,16122.0,Very Large (15k+)
Western Michigan University,1,12704.0,15298.0,19098.0,0.5777,20115,53562.0,20115.0,3800.0,Large (5k–14.9k)
Academy College,3,112.0,18252.0,18252.0,1.0,16500,48300.0,16500.0,0.0,Small (<1k)
Augsburg University,2,2429.0,43942.0,43942.0,0.5244,19500,58829.0,19500.0,0.0,Medium (1k–4.9k)
Bemidji State University,1,3120.0,10164.0,10164.0,0.534,13809,53755.0,13809.0,0.0,Medium (1k–4.9k)
Bethany Lutheran College,2,682.0,30010.0,30010.0,0.5956,15935,46110.0,15935.0,0.0,Small (<1k)
Bethel University,2,2012.0,42930.0,42930.0,0.7522,18272,63764.0,18272.0,0.0,Medium (1k–4.9k)
Concordia College at Moorhead,2,1721.0,30020.0,30020.0,0.7183,20895,59317.0,20895.0,0.0,Medium (1k–4.9k)
Concordia University-Saint Paul,2,2786.0,25000.0,25000.0,0.5878,12166,59871.0,12166.0,0.0,Medium (1k–4.9k)
Martin Luther College,2,718.0,17770.0,17770.0,0.7143,16606,47491.0,16606.0,0.0,Small (<1k)
Gustavus Adolphus College,2,1930.0,54310.0,54310.0,0.7585,23250,65607.0,23250.0,0.0,Medium (1k–4.9k)
Hamline University,2,1685.0,48311.0,48311.0,0.5771,15750,61106.0,15750.0,0.0,Medium (1k–4.9k)
Macalester College,2,2131.0,64908.0,64908.0,0.9041,19500,63878.0,19500.0,0.0,Medium (1k–4.9k)
Minnesota State University-Mankato,1,11325.0,9490.0,18860.0,0.5411,14000,56922.0,14000.0,9370.0,Large (5k–14.9k)
Metropolitan State University,1,4998.0,9780.0,9780.0,0.3837,12900,64705.0,12900.0,0.0,Medium (1k–4.9k)
University of Minnesota-Crookston,1,1650.0,13120.0,13120.0,0.4973,12500,58056.0,12500.0,0.0,Medium (1k–4.9k)
Minneapolis College of Art and Design,2,701.0,43824.0,43824.0,0.6917,19225,40873.0,19225.0,0.0,Small (<1k)
Herzing University-Minneapolis,2,747.0,13420.0,13420.0,0.7353,11756,36909.0,11756.0,0.0,Small (<1k)
University of Minnesota-Duluth,1,7475.0,14318.0,19762.0,0.6445,16000,62616.0,16000.0,5444.0,Large (5k–14.9k)
University of Minnesota-Morris,1,980.0,14288.0,16438.0,0.6193,12377,50919.0,12377.0,2150.0,Small (<1k)
Minnesota State University Moorhead,1,3120.0,10336.0,10336.0,0.5464,15000,50527.0,15000.0,0.0,Medium (1k–4.9k)
North Central University,2,802.0,29460.0,29460.0,0.6359,16750,45064.0,16750.0,0.0,Small (<1k)
University of Northwestern-St Paul,2,1495.0,36830.0,36830.0,0.6837,17750,50755.0,17750.0,0.0,Medium (1k–4.9k)
Northwestern Health Sciences University,2,251.0,12015.0,12015.0,1.0,8250,48666.0,8250.0,0.0,Small (<1k)
Oak Hills Christian College,2,98.0,18910.0,18910.0,0.3077,9500,35983.0,9500.0,0.0,Small (<1k)
College of Saint Benedict,2,1392.0,53884.0,53884.0,0.8304,23250,63260.0,23250.0,0.0,Medium (1k–4.9k)
Saint Cloud State University,1,5181.0,10117.0,10117.0,0.4691,14362,55813.0,14362.0,0.0,Large (5k–14.9k)
Saint Johns University,2,1468.0,53942.0,53942.0,0.757,23250,76786.0,23250.0,0.0,Medium (1k–4.9k)
Saint Mary's University of Minnesota,2,1061.0,43160.0,43160.0,0.6767,16099,58170.0,16099.0,0.0,Medium (1k–4.9k)
St Olaf College,2,3049.0,56970.0,56970.0,0.835,23250,65543.0,23250.0,0.0,Medium (1k–4.9k)
Crown College,2,789.0,30200.0,30200.0,0.6434,15225,48057.0,15225.0,0.0,Small (<1k)
The College of Saint Scholastica,2,1725.0,40454.0,40454.0,0.6299,17125,65934.0,17125.0,0.0,Medium (1k–4.9k)
University of St Thomas,2,6014.0,52284.0,52284.0,0.7517,19500,73739.0,19500.0,0.0,Large (5k–14.9k)
St Catherine University,2,2393.0,49758.0,49758.0,0.6513,19716,59282.0,19716.0,0.0,Medium (1k–4.9k)
Rasmussen University-Minnesota,3,8033.0,10899.0,10899.0,0.5322,13000,39080.0,13000.0,0.0,Large (5k–14.9k)
Southwest Minnesota State University,1,2045.0,10304.0,10304.0,0.4407,14250,51342.0,14250.0,0.0,Medium (1k–4.9k)
Dunwoody College of Technology,2,1417.0,25659.0,25659.0,0.627,12000,61511.0,12000.0,0.0,Medium (1k–4.9k)
Winona State University,1,5088.0,10498.0,17230.0,0.6089,15000,58532.0,15000.0,6732.0,Large (5k–14.9k)
Alcorn State University,1,2290.0,8549.0,8549.0,0.4615,17021,36421.0,17021.0,0.0,Medium (1k–4.9k)
Belhaven University,2,1370.0,29195.0,29195.0,0.5113,18549,46440.0,18549.0,0.0,Medium (1k–4.9k)
Blue Mountain Christian University,2,536.0,19280.0,19280.0,0.512,13750,40421.0,13750.0,0.0,Small (<1k)
Delta State University,1,1613.0,8605.0,8605.0,0.4686,15000,41991.0,15000.0,0.0,Medium (1k–4.9k)
Jackson State University,1,4769.0,9090.0,10110.0,0.3219,24751,39060.0,24751.0,1020.0,Medium (1k–4.9k)
Millsaps College,2,580.0,43815.0,43815.0,0.5546,19500,53848.0,19500.0,0.0,Small (<1k)
University of Mississippi,1,18995.0,9412.0,26980.0,0.6849,15250,50994.0,15250.0,17568.0,Very Large (15k+)
Mississippi University for Women,1,1593.0,8092.0,8092.0,0.3779,13000,46128.0,13000.0,0.0,Medium (1k–4.9k)
Mississippi Valley State University,1,1326.0,7912.0,7912.0,0.2214,19203,31919.0,19203.0,0.0,Medium (1k–4.9k)
Mississippi College,2,2423.0,21698.0,21698.0,0.6281,17759,47485.0,17759.0,0.0,Medium (1k–4.9k)
Mississippi State University,1,18092.0,9815.0,26580.0,0.6291,16324,51513.0,16324.0,16765.0,Very Large (15k+)
Rust College,2,428.0,13840.0,13840.0,0.2695,13777,32275.0,13777.0,0.0,Small (<1k)
Southeastern Baptist College,2,65.0,5925.0,5925.0,1.0,PS,26946.0,,0.0,Small (<1k)
University of Southern Mississippi,1,9899.0,9618.0,11618.0,0.5058,14250,44140.0,14250.0,2000.0,Large (5k–14.9k)
Tougaloo College,2,681.0,11398.0,11398.0,0.3231,23098,34724.0,23098.0,0.0,Small (<1k)
William Carey University,2,1818.0,14685.0,14685.0,0.4083,15796,43087.0,15796.0,0.0,Medium (1k–4.9k)
Avila University,2,1192.0,38672.0,38672.0,0.4262,19230,52773.0,19230.0,0.0,Medium (1k–4.9k)
Mission University,2,342.0,16230.0,16230.0,0.3824,16000,38641.0,16000.0,0.0,Small (<1k)
Cox College,2,634.0,15599.0,15599.0,1.0,18000,56867.0,18000.0,0.0,Small (<1k)
Calvary University,2,170.0,13692.0,13692.0,0.5263,12500,45421.0,12500.0,0.0,Small (<1k)
Central Christian College of the Bible,2,145.0,11200.0,11200.0,0.4091,10125,34675.0,10125.0,0.0,Small (<1k)
Central Methodist University-College of Liberal Arts and Sciences,2,1015.0,27140.0,27140.0,0.525,13292,48991.0,13292.0,0.0,Medium (1k–4.9k)
University of Central Missouri,1,5653.0,9739.0,18064.0,0.494,15750,49560.0,15750.0,8325.0,Large (5k–14.9k)
Cleveland University-Kansas City,2,79.0,14400.0,14400.0,0.3333,9500,52304.0,9500.0,0.0,Small (<1k)
Columbia College,2,5359.0,24326.0,24326.0,0.4567,14750,45378.0,14750.0,0.0,Large (5k–14.9k)
Conception Seminary College,2,32.0,25208.0,25208.0,0.6429,PS,50430.0,,0.0,Small (<1k)
Cottey College,2,266.0,26209.0,26209.0,0.6145,11000,35422.0,11000.0,0.0,Small (<1k)
Culver-Stockton College,2,884.0,29915.0,29915.0,0.5017,15000,46092.0,15000.0,0.0,Small (<1k)
Drury University,2,1367.0,35235.0,35235.0,0.6602,13000,40694.0,13000.0,0.0,Medium (1k–4.9k)
Evangel University,2,1205.0,27192.0,27192.0,0.648,17495,46573.0,17495.0,0.0,Medium (1k–4.9k)
Fontbonne University,2,632.0,28976.0,28976.0,0.5683,16500,48825.0,16500.0,0.0,Small (<1k)
Ozarks Technical Community College,1,8194.0,4184.0,6872.0,0.319,6500,36455.0,6500.0,2688.0,Large (5k–14.9k)
Hannibal-LaGrange University,2,381.0,26880.0,26880.0,0.4431,13688,42643.0,13688.0,0.0,Small (<1k)
Harris-Stowe State University,1,1086.0,6442.0,11074.0,0.2741,13500,31088.0,13500.0,4632.0,Medium (1k–4.9k)
Kansas City Art Institute,2,782.0,43550.0,43550.0,0.6491,21500,37032.0,21500.0,0.0,Small (<1k)
Lincoln University,1,1357.0,9290.0,16882.0,0.221,19000,39463.0,19000.0,7592.0,Medium (1k–4.9k)
Lindenwood University,2,4748.0,21100.0,21100.0,0.5032,20500,53278.0,20500.0,0.0,Medium (1k–4.9k)
Logan University,2,258.0,9000.0,9000.0,0.0,7767,55838.0,7767.0,0.0,Small (<1k)
Maryville University of Saint Louis,2,5988.0,27166.0,27166.0,0.7152,10041,62105.0,10041.0,0.0,Large (5k–14.9k)
Midwestern Baptist Theological Seminary,2,791.0,9400.0,9400.0,0.7,9995,50535.0,9995.0,0.0,Small (<1k)
Missouri Baptist University,2,1452.0,33122.0,33122.0,0.4819,17726,46660.0,17726.0,0.0,Medium (1k–4.9k)
Missouri Southern State University,1,3101.0,8400.0,16800.0,0.3833,11650,42620.0,11650.0,8400.0,Medium (1k–4.9k)
Missouri Valley College,2,1274.0,23000.0,23000.0,0.2448,10250,43221.0,10250.0,0.0,Medium (1k–4.9k)
Missouri Western State University,1,2372.0,9800.0,17500.0,0.398,11920,42647.0,11920.0,7700.0,Medium (1k–4.9k)
University of Missouri-Columbia,1,23118.0,14130.0,34338.0,0.7618,16500,63403.0,16500.0,20208.0,Very Large (15k+)
University of Missouri-Kansas City,1,6618.0,11988.0,28788.0,0.5589,14835,59637.0,14835.0,16800.0,Large (5k–14.9k)
Missouri University of Science and Technology,1,5467.0,14278.0,31678.0,0.636,19000,82957.0,19000.0,17400.0,Large (5k–14.9k)
University of Missouri-St Louis,1,5108.0,13440.0,33432.0,0.5687,16500,53037.0,16500.0,19992.0,Large (5k–14.9k)
Truman State University,1,2666.0,9470.0,17870.0,0.6839,16679,56280.0,16679.0,8400.0,Medium (1k–4.9k)
Northwest Missouri State University,1,4550.0,10181.0,16623.0,0.575,14927,47885.0,14927.0,6442.0,Medium (1k–4.9k)
Ozark Christian College,2,612.0,15550.0,15550.0,0.6792,9784,41297.0,9784.0,0.0,Small (<1k)
College of the Ozarks,2,1415.0,21290.0,21290.0,0.6131,PS,41592.0,,0.0,Medium (1k–4.9k)
Park University,2,5250.0,16400.0,16400.0,0.2996,12500,56309.0,12500.0,0.0,Large (5k–14.9k)
Stevens-The Institute of Business & Arts,3,95.0,12968.0,12968.0,0.8,21000,29058.0,21000.0,0.0,Small (<1k)
Ranken Technical College,2,1695.0,17490.0,17490.0,0.5058,9813,55955.0,9813.0,0.0,Medium (1k–4.9k)
Rockhurst University,2,1702.0,43420.0,43420.0,0.7558,12500,67102.0,12500.0,0.0,Medium (1k–4.9k)
Saint Louis University,2,7324.0,53244.0,53244.0,0.7975,19500,70783.0,19500.0,0.0,Large (5k–14.9k)
Saint Louis Community College,1,11174.0,3660.0,6990.0,0.1769,3839,35325.0,3839.0,3330.0,Large (5k–14.9k)
Southwest Baptist University,2,1339.0,28320.0,28320.0,0.5121,14000,43112.0,14000.0,0.0,Medium (1k–4.9k)
Stephens College,2,353.0,28200.0,28200.0,0.4651,19489,43071.0,19489.0,0.0,Small (<1k)
Southeast Missouri State University,1,6588.0,9496.0,9496.0,0.5568,14750,44030.0,14750.0,0.0,Large (5k–14.9k)
Missouri State University-Springfield,1,13407.0,9024.0,17928.0,0.5733,16200,49827.0,16200.0,8904.0,Large (5k–14.9k)
Washington University in St Louis,2,7897.0,62982.0,62982.0,0.9445,15000,86182.0,15000.0,0.0,Large (5k–14.9k)
Webster University,2,2180.0,30730.0,30730.0,0.6106,18500,50876.0,18500.0,0.0,Medium (1k–4.9k)
Westminster College,2,592.0,34188.0,34188.0,0.5747,19463,52199.0,19463.0,0.0,Small (<1k)
William Jewell College,2,868.0,19890.0,19890.0,0.6162,19250,59268.0,19250.0,0.0,Small (<1k)
William Woods University,2,1061.0,28860.0,28860.0,0.5699,14425,42401.0,14425.0,0.0,Medium (1k–4.9k)
Blackfeet Community College,2,240.0,3610.0,3610.0,0.0769,PS,22953.0,,0.0,Small (<1k)
Carroll College,2,1052.0,40352.0,40352.0,0.6633,21000,61772.0,21000.0,0.0,Medium (1k–4.9k)
Montana State University Billings,1,2710.0,6706.0,21347.0,0.282,10086,44296.0,10086.0,14641.0,Medium (1k–4.9k)
Aaniiih Nakoda College,1,108.0,3600.0,3600.0,0.3235,PS,30528.0,,0.0,Small (<1k)
University of Providence,2,527.0,29018.0,29018.0,0.4674,12500,48296.0,12500.0,0.0,Small (<1k)
Montana Technological University,1,1428.0,8050.0,24730.0,0.5805,9847,54329.0,9847.0,16680.0,Medium (1k–4.9k)
Montana State University,1,14472.0,8083.0,31337.0,0.5735,13748,53263.0,13748.0,23254.0,Large (5k–14.9k)
The University of Montana,1,7079.0,8152.0,31622.0,0.4544,15000,44511.0,15000.0,23470.0,Large (5k–14.9k)
Montana State University-Northern,1,787.0,6269.0,19385.0,0.4233,10560,49505.0,10560.0,13116.0,Small (<1k)
Rocky Mountain College,2,790.0,33252.0,33252.0,0.4675,12000,49036.0,12000.0,0.0,Small (<1k)
Salish Kootenai College,1,568.0,4311.0,11583.0,0.3521,8450,32725.0,8450.0,7272.0,Small (<1k)
The University of Montana-Western,1,1271.0,6430.0,19038.0,0.4945,12000,43229.0,12000.0,12608.0,Medium (1k–4.9k)
Bellevue University,2,10426.0,8886.0,8886.0,0.5588,11000,61289.0,11000.0,0.0,Large (5k–14.9k)
Clarkson College,2,611.0,15168.0,15168.0,0.75,19500,64876.0,19500.0,0.0,Small (<1k)
Bryan College of Health Sciences,2,534.0,20070.0,20070.0,0.7547,22250,70845.0,22250.0,0.0,Small (<1k)
Chadron State College,1,1634.0,8078.0,8078.0,0.3807,11343,47002.0,11343.0,0.0,Medium (1k–4.9k)
Concordia University-Nebraska,2,1270.0,39330.0,39330.0,0.6408,18750,52415.0,18750.0,0.0,Medium (1k–4.9k)
Creighton University,2,4231.0,47000.0,47000.0,0.8052,21500,73911.0,21500.0,0.0,Medium (1k–4.9k)
Doane University,2,981.0,40491.0,40491.0,0.5585,19500,53316.0,19500.0,0.0,Small (<1k)
Hastings College,2,957.0,36130.0,36130.0,0.5327,15595,51303.0,15595.0,0.0,Small (<1k)
University of Nebraska at Kearney,1,4130.0,8302.0,14260.0,0.5975,13070,50105.0,13070.0,5958.0,Medium (1k–4.9k)
Nebraska Methodist College of Nursing & Allied Health,2,752.0,18173.0,18173.0,0.6667,21784,65071.0,21784.0,0.0,Small (<1k)
Midland University,2,1191.0,40270.0,40270.0,0.4321,15000,52163.0,15000.0,0.0,Medium (1k–4.9k)
University of Nebraska at Omaha,1,11573.0,8370.0,22358.0,0.475,12750,53909.0,12750.0,13988.0,Large (5k–14.9k)
Nebraska Indian Community College,1,330.0,4080.0,4080.0,0.1667,PS,31458.0,,0.0,Small (<1k)
Nebraska Wesleyan University,2,1514.0,41658.0,41658.0,0.6889,17500,56405.0,17500.0,0.0,Medium (1k–4.9k)
University of Nebraska-Lincoln,1,18887.0,10108.0,27748.0,0.6585,14750,56887.0,14750.0,17640.0,Very Large (15k+)
Peru State College,1,1141.0,8280.0,8280.0,0.3772,12000,47071.0,12000.0,0.0,Medium (1k–4.9k)
College of Saint Mary,2,455.0,23340.0,23340.0,0.5941,17500,54338.0,17500.0,0.0,Small (<1k)
Union Adventist University,2,439.0,27990.0,27990.0,0.4586,18750,55045.0,18750.0,0.0,Small (<1k)
Wayne State College,1,3041.0,7970.0,7970.0,0.557,12240,47075.0,12240.0,0.0,Medium (1k–4.9k)
York University,2,443.0,21600.0,21600.0,0.374,14250,44130.0,14250.0,0.0,Small (<1k)
College of Southern Nevada,1,27790.0,4110.0,12209.0,0.1785,4500,38087.0,4500.0,8099.0,Very Large (15k+)
Las Vegas College,3,545.0,17684.0,17684.0,0.5789,7951,31398.0,7951.0,0.0,Small (<1k)
University of Nevada-Las Vegas,1,24131.0,9142.0,26098.0,0.5012,12500,55037.0,12500.0,16956.0,Very Large (15k+)
University of Nevada-Reno,1,15723.0,8994.0,25950.0,0.6245,13000,60614.0,13000.0,16956.0,Very Large (15k+)
Great Basin College,1,1855.0,3855.0,13448.0,0.5153,8973,39289.0,8973.0,9593.0,Medium (1k–4.9k)
Truckee Meadows Community College,1,6752.0,3144.0,11243.0,0.2817,6999,44573.0,6999.0,8099.0,Large (5k–14.9k)
Western Nevada College,1,1967.0,3920.0,12019.0,0.3663,9000,41987.0,9000.0,8099.0,Medium (1k–4.9k)
Colby-Sawyer College,2,778.0,18400.0,18400.0,0.6162,19500,46474.0,19500.0,0.0,Small (<1k)
Franklin Pierce University,2,1055.0,44963.0,44963.0,0.461,19500,53353.0,19500.0,0.0,Medium (1k–4.9k)
Magdalen College,2,58.0,23600.0,23600.0,0.5333,11331,35809.0,11331.0,0.0,Small (<1k)
New England College,2,980.0,41578.0,41578.0,0.3109,15603,42092.0,15603.0,0.0,Small (<1k)
University of New Hampshire-Main Campus,1,11230.0,19112.0,38882.0,0.7645,22498,66479.0,22498.0,19770.0,Large (5k–14.9k)
Keene State College,1,2680.0,14710.0,26186.0,0.5844,19500,54368.0,19500.0,11476.0,Medium (1k–4.9k)
University of New Hampshire at Manchester,1,486.0,15820.0,35530.0,0.6508,22498,66479.0,22498.0,19710.0,Small (<1k)
Plymouth State University,1,3298.0,14558.0,25498.0,0.4743,17000,57304.0,17000.0,10940.0,Medium (1k–4.9k)
Rivier University,2,1312.0,37791.0,37791.0,0.5871,21000,52248.0,21000.0,0.0,Medium (1k–4.9k)
Saint Anselm College,2,2032.0,46810.0,46810.0,0.8315,26987,73371.0,26987.0,0.0,Medium (1k–4.9k)
University of New Hampshire College of Professional Studies Online,1,1019.0,7812.0,9372.0,0.1429,22498,66479.0,22498.0,1560.0,Medium (1k–4.9k)
Thomas More College of Liberal Arts,2,95.0,29300.0,29300.0,0.6154,22475,53565.0,22475.0,0.0,Small (<1k)
Eastwick College-Hackensack,3,874.0,16913.0,16913.0,0.44,10617,39762.0,10617.0,0.0,Small (<1k)
Berkeley College-Woodland Park,3,1798.0,28600.0,28600.0,0.4476,15414,40251.0,15414.0,0.0,Medium (1k–4.9k)
Bloomfield College of Montclair State University,2,901.0,30680.0,30680.0,0.3105,18500,45902.0,18500.0,0.0,Small (<1k)
Caldwell University,2,1437.0,39450.0,39450.0,0.587,18500,53843.0,18500.0,0.0,Medium (1k–4.9k)
Centenary University,2,934.0,37732.0,37732.0,0.5659,19321,53726.0,19321.0,0.0,Small (<1k)
Drew University,2,1510.0,45360.0,45360.0,0.7243,21000,63646.0,21000.0,0.0,Medium (1k–4.9k)
Fairleigh Dickinson University-Metropolitan Campus,2,2578.0,35822.0,35822.0,0.6171,19500,57273.0,19500.0,0.0,Medium (1k–4.9k)
Felician University,2,1754.0,37830.0,37830.0,0.4968,19250,57602.0,19250.0,0.0,Medium (1k–4.9k)
Fairleigh Dickinson University-Florham Campus,2,1958.0,35822.0,35822.0,0.723,19500,57273.0,19500.0,0.0,Medium (1k–4.9k)
Georgian Court University,2,1174.0,37110.0,37110.0,0.5509,16984,53096.0,16984.0,0.0,Medium (1k–4.9k)
Rowan University,1,14647.0,15700.0,25564.0,0.6828,16750,59988.0,16750.0,9864.0,Large (5k–14.9k)
Eastwick College-Ramsey,3,929.0,17028.0,17028.0,0.6364,13771,51725.0,13771.0,0.0,Small (<1k)
New Jersey City University,1,4076.0,13971.0,24888.0,0.3874,14250,52745.0,14250.0,10917.0,Medium (1k–4.9k)
Kean University,1,10842.0,13426.0,21076.0,0.4338,17199,57237.0,17199.0,7650.0,Large (5k–14.9k)
Monmouth University,2,3831.0,44850.0,44850.0,0.7033,23250,67991.0,23250.0,0.0,Medium (1k–4.9k)
Montclair State University,1,17677.0,14766.0,24126.0,0.6426,17500,61415.0,17500.0,9360.0,Very Large (15k+)
New Jersey Institute of Technology,1,8762.0,19022.0,35934.0,0.7311,17500,84276.0,17500.0,16912.0,Large (5k–14.9k)
Rabbinical College of America,2,197.0,13000.0,13000.0,0.1833,PS,34990.0,,0.0,Small (<1k)
Ramapo College of New Jersey,1,4664.0,15978.0,26388.0,0.7186,15000,67541.0,15000.0,10410.0,Medium (1k–4.9k)
Rider University,2,3192.0,38900.0,38900.0,0.6332,20500,62208.0,20500.0,0.0,Medium (1k–4.9k)
Rutgers University-Camden,1,3819.0,17079.0,35841.0,0.6645,19000,74479.0,19000.0,18762.0,Medium (1k–4.9k)
Rutgers University-Newark,1,7187.0,16586.0,35348.0,0.676,19000,74479.0,19000.0,18762.0,Large (5k–14.9k)
Saint Peter's University,2,1939.0,41054.0,41054.0,0.6313,16091,57815.0,16091.0,0.0,Medium (1k–4.9k)
Seton Hall University,2,5924.0,51370.0,51370.0,0.7147,17886,70196.0,17886.0,0.0,Large (5k–14.9k)
Saint Elizabeth University,2,636.0,35942.0,35942.0,0.4024,13000,53038.0,13000.0,0.0,Small (<1k)
Stockton University,1,7770.0,15532.0,23420.0,0.7197,16380,57602.0,16380.0,7888.0,Large (5k–14.9k)
Talmudical Academy-New Jersey,2,78.0,15800.0,15800.0,0.1,PS,40344.0,,0.0,Small (<1k)
The College of New Jersey,1,6831.0,18685.0,24568.0,0.8523,21500,73323.0,21500.0,5883.0,Large (5k–14.9k)
William Paterson University of New Jersey,1,6526.0,15150.0,24464.0,0.4771,15750,57780.0,15750.0,9314.0,Large (5k–14.9k)
Navajo Technical University,1,1134.0,4250.0,4250.0,0.1971,PS,26364.0,,0.0,Medium (1k–4.9k)
Eastern New Mexico University-Main Campus,1,3186.0,6863.0,8843.0,0.3981,11000,38550.0,11000.0,1980.0,Medium (1k–4.9k)
Institute of American Indian and Alaska Native Culture and Arts Development,1,307.0,5801.0,5801.0,0.2453,PS,24505.0,,0.0,Small (<1k)
New Mexico Highlands University,1,1561.0,7260.0,12180.0,0.2559,9500,45937.0,9500.0,4920.0,Medium (1k–4.9k)
New Mexico Institute of Mining and Technology,1,1122.0,9058.0,26312.0,0.5636,11057,76489.0,11057.0,17254.0,Medium (1k–4.9k)
University of New Mexico-Main Campus,1,16686.0,8115.0,26450.0,0.5253,13698,44792.0,13698.0,18335.0,Very Large (15k+)
New Mexico State University-Main Campus,1,11561.0,8147.0,25271.0,0.5222,10250,39067.0,10250.0,17124.0,Large (5k–14.9k)
Northern New Mexico College,1,859.0,6400.0,14328.0,0.3259,6500,38112.0,6500.0,7928.0,Small (<1k)
University of the Southwest,2,337.0,16670.0,16670.0,0.2667,14000,45389.0,14000.0,0.0,Small (<1k)
Western New Mexico University,1,1935.0,7868.0,14354.0,0.3489,12500,39095.0,12500.0,6486.0,Medium (1k–4.9k)
Vaughn College of Aeronautics and Technology,2,1104.0,28850.0,28850.0,0.3992,14000,64973.0,14000.0,0.0,Medium (1k–4.9k)
Adelphi University,2,5077.0,47290.0,47290.0,0.6893,20500,75482.0,20500.0,0.0,Large (5k–14.9k)
Bryant & Stratton College-Albany,2,224.0,18892.0,18892.0,0.2195,9500,32568.0,9500.0,0.0,Small (<1k)
Alfred University,2,1401.0,39530.0,39530.0,0.555,17751,54897.0,17751.0,0.0,Medium (1k–4.9k)
American Musical and Dramatic Academy,2,1502.0,45560.0,45560.0,0.7202,12000,26975.0,12000.0,0.0,Medium (1k–4.9k)
Associated Beth Rivkah Schools,2,289.0,9700.0,9700.0,0.7407,PS,17686.0,,0.0,Small (<1k)
Bard College,2,2280.0,63612.0,63612.0,0.7271,19000,46543.0,19000.0,0.0,Medium (1k–4.9k)
Berkeley College-New York,3,1514.0,28600.0,28600.0,0.4025,19000,45884.0,19000.0,0.0,Medium (1k–4.9k)
Boricua College,2,401.0,12525.0,12525.0,0.7063,6347,35348.0,6347.0,0.0,Small (<1k)
Bryant & Stratton College-Syracuse North,2,454.0,19310.0,19310.0,0.25,9500,32568.0,9500.0,0.0,Small (<1k)
Bryant & Stratton College-Buffalo,2,656.0,19126.0,19126.0,0.275,9500,32568.0,9500.0,0.0,Small (<1k)
Bryant & Stratton College-Greece,2,320.0,19593.0,19593.0,0.3043,9500,32568.0,9500.0,0.0,Small (<1k)
Canisius University,2,1768.0,32720.0,32720.0,0.7065,19000,60681.0,19000.0,0.0,Medium (1k–4.9k)
Central Yeshiva Tomchei Tmimim Lubavitz,2,810.0,8400.0,8400.0,0.0278,PS,35023.0,,0.0,Small (<1k)
Clarkson University,2,2449.0,57950.0,57950.0,0.7356,21714,89696.0,21714.0,0.0,Medium (1k–4.9k)
Metropolitan College of New York,2,430.0,20188.0,20188.0,0.2474,20000,46236.0,20000.0,0.0,Small (<1k)
The Cooper Union for the Advancement of Science and Art,2,891.0,46820.0,46820.0,0.8032,12375,83847.0,12375.0,0.0,Small (<1k)
Culinary Institute of America,2,2988.0,38410.0,38410.0,0.6467,12000,47475.0,12000.0,0.0,Medium (1k–4.9k)
CUNY Bernard M Baruch College,1,15734.0,7464.0,15414.0,0.7211,10000,75971.0,10000.0,7950.0,Very Large (15k+)
CUNY Brooklyn College,1,10443.0,7452.0,15402.0,0.5658,9218,60752.0,9218.0,7950.0,Large (5k–14.9k)
College of Staten Island CUNY,1,9387.0,7490.0,15440.0,0.3278,8846,53501.0,8846.0,7950.0,Large (5k–14.9k)
CUNY City College,1,11934.0,7340.0,15290.0,0.5466,9775,66039.0,9775.0,7950.0,Large (5k–14.9k)
CUNY Hunter College,1,16642.0,7382.0,15332.0,0.6099,8812,63163.0,8812.0,7950.0,Very Large (15k+)
CUNY John Jay College of Criminal Justice,1,11340.0,7470.0,15420.0,0.5549,9250,56195.0,9250.0,7950.0,Large (5k–14.9k)
CUNY Lehman College,1,10438.0,7410.0,15360.0,0.4929,8500,58013.0,8500.0,7950.0,Large (5k–14.9k)
CUNY Medgar Evers College,1,3404.0,7352.0,15302.0,0.2229,7400,46498.0,7400.0,7950.0,Medium (1k–4.9k)
CUNY New York City College of Technology,1,12950.0,7332.0,15282.0,0.1941,7000,49365.0,7000.0,7950.0,Large (5k–14.9k)
CUNY Queens College,1,13060.0,7538.0,15488.0,0.6016,8580,62763.0,8580.0,7950.0,Large (5k–14.9k)
CUNY York College,1,4439.0,7358.0,15308.0,0.3027,7500,56945.0,7500.0,7950.0,Medium (1k–4.9k)
D'Youville  University,2,1299.0,33560.0,33560.0,0.5668,19750,66942.0,19750.0,0.0,Medium (1k–4.9k)
Daemen University,2,1761.0,33724.0,33724.0,0.584,15041,61808.0,15041.0,0.0,Medium (1k–4.9k)
Dominican University New York,2,1083.0,33060.0,33060.0,0.5677,18250,61171.0,18250.0,0.0,Medium (1k–4.9k)
Elmira College,2,583.0,37932.0,37932.0,0.6404,20230,57550.0,20230.0,0.0,Small (<1k)
Fashion Institute of Technology,1,7575.0,6170.0,16750.0,0.8333,12000,62696.0,12000.0,10580.0,Large (5k–14.9k)
Five Towns College,3,533.0,29950.0,29950.0,0.4898,12750,35887.0,12750.0,0.0,Small (<1k)
Fordham University,2,10239.0,61992.0,61992.0,0.8027,20500,85569.0,20500.0,0.0,Large (5k–14.9k)
Hartwick College,2,1099.0,52849.0,52849.0,0.4615,17500,61107.0,17500.0,0.0,Medium (1k–4.9k)
Hilbert College,2,922.0,32150.0,32150.0,0.4699,15000,48309.0,15000.0,0.0,Small (<1k)
Hobart William Smith Colleges,2,1606.0,63268.0,63268.0,0.7271,24250,68831.0,24250.0,0.0,Medium (1k–4.9k)
Hofstra University,2,6155.0,55450.0,55450.0,0.671,18518,69039.0,18518.0,0.0,Large (5k–14.9k)
Houghton University,2,867.0,17290.0,17290.0,0.6466,20313,46721.0,20313.0,0.0,Small (<1k)
Iona University,2,2731.0,45880.0,45880.0,0.5744,19500,73595.0,19500.0,0.0,Medium (1k–4.9k)
Ithaca College,2,4350.0,50510.0,50510.0,0.7411,19500,63548.0,19500.0,0.0,Medium (1k–4.9k)
Jamestown Business College,3,251.0,12945.0,12945.0,0.6053,10873,34976.0,10873.0,0.0,Small (<1k)
The Juilliard School,2,460.0,56550.0,56550.0,0.9,25000,37827.0,25000.0,0.0,Small (<1k)
Kehilath Yakov Rabbinical Seminary,2,206.0,12800.0,12800.0,0.4694,PS,36442.0,,0.0,Small (<1k)
Keuka College,2,920.0,38000.0,38000.0,0.4877,21418,58289.0,21418.0,0.0,Small (<1k)
LIM College,3,1133.0,31950.0,31950.0,0.5299,17500,58956.0,17500.0,0.0,Medium (1k–4.9k)
Le Moyne College,2,2434.0,38970.0,38970.0,0.7098,18435,62731.0,18435.0,0.0,Medium (1k–4.9k)
Long Island University,2,5478.0,41642.0,41642.0,0.5544,19500,59950.0,19500.0,0.0,Large (5k–14.9k)
Machzikei Hadath Rabbinical College,2,129.0,13500.0,13500.0,0.2791,PS,41527.0,,0.0,Small (<1k)
Manhattan University,2,2928.0,50850.0,50850.0,0.6597,21500,86316.0,21500.0,0.0,Medium (1k–4.9k)
Manhattan School of Music,2,535.0,54600.0,54600.0,0.7826,25125,26878.0,25125.0,0.0,Small (<1k)
Manhattanville University,2,1250.0,42950.0,42950.0,0.5373,20090,58832.0,20090.0,0.0,Medium (1k–4.9k)
Maria College of Albany,2,702.0,17680.0,17680.0,0.4286,14708,55458.0,14708.0,0.0,Small (<1k)
Marist University,2,5039.0,46140.0,46140.0,0.7984,21500,77819.0,21500.0,0.0,Large (5k–14.9k)
Marymount Manhattan College,2,1627.0,40260.0,40260.0,0.4981,19250,49131.0,19250.0,0.0,Medium (1k–4.9k)
Mercy University,2,5539.0,22106.0,22106.0,0.481,15000,52055.0,15000.0,0.0,Large (5k–14.9k)
Mirrer Yeshiva Cent Institute,2,102.0,12500.0,12500.0,0.6383,PS,41192.0,,0.0,Small (<1k)
Molloy University,2,3185.0,37840.0,37840.0,0.7176,24250,77789.0,24250.0,0.0,Medium (1k–4.9k)
Monroe University,3,5670.0,17922.0,17922.0,0.5748,12672,41236.0,12672.0,0.0,Large (5k–14.9k)
Mount Saint Mary College,2,1268.0,41370.0,41370.0,0.6566,22250,67705.0,22250.0,0.0,Medium (1k–4.9k)
University of Mount Saint Vincent,2,2373.0,42740.0,42740.0,0.5714,18500,65756.0,18500.0,0.0,Medium (1k–4.9k)
Nazareth University,2,1891.0,40880.0,40880.0,0.7291,22500,56458.0,22500.0,0.0,Medium (1k–4.9k)
The New School,2,6819.0,56386.0,56386.0,0.7119,15498,52901.0,15498.0,0.0,Large (5k–14.9k)
New York University,2,29430.0,60438.0,60438.0,0.8846,18500,82509.0,18500.0,0.0,Very Large (15k+)
Niagara University,2,2713.0,38135.0,38135.0,0.7024,20312,56196.0,20312.0,0.0,Medium (1k–4.9k)
New York Institute of Technology,2,3320.0,44360.0,44360.0,0.5604,17000,70080.0,17000.0,0.0,Medium (1k–4.9k)
New York School of Interior Design,2,423.0,30330.0,30330.0,0.5385,12750,48041.0,12750.0,0.0,Small (<1k)
Pace University,2,7725.0,51424.0,51424.0,0.6141,17750,70378.0,17750.0,0.0,Large (5k–14.9k)
Paul Smiths College of Arts and Science,2,582.0,32049.0,32049.0,0.5333,17062,46145.0,17062.0,0.0,Small (<1k)
Plaza College,3,829.0,15450.0,15450.0,0.6287,13348,31519.0,13348.0,0.0,Small (<1k)
Davis College,2,88.0,17500.0,17500.0,0.3889,17290,38450.0,17290.0,0.0,Small (<1k)
Pratt Institute-Main,2,3766.0,59683.0,59683.0,0.7269,20500,54295.0,20500.0,0.0,Medium (1k–4.9k)
Rabbinical College Bobover Yeshiva Bnei Zion,2,436.0,10000.0,10000.0,0.9714,PS,20707.0,,0.0,Small (<1k)
Roberts Wesleyan University,2,1065.0,37504.0,37504.0,0.6393,19000,55031.0,19000.0,0.0,Medium (1k–4.9k)
Rochester Institute of Technology,2,13225.0,57016.0,57016.0,0.708,20872,76571.0,20872.0,0.0,Large (5k–14.9k)
University of Rochester,2,6488.0,64348.0,64348.0,0.8448,19000,79042.0,19000.0,0.0,Large (5k–14.9k)
Russell Sage College,2,1075.0,36756.0,36756.0,0.6567,18000,58316.0,18000.0,0.0,Medium (1k–4.9k)
St Bonaventure University,2,1892.0,40150.0,40150.0,0.7039,19500,57214.0,19500.0,0.0,Medium (1k–4.9k)
St. Francis College,2,1931.0,27570.0,27570.0,0.5229,12693,58099.0,12693.0,0.0,Medium (1k–4.9k)
St Lawrence University,2,2040.0,63870.0,63870.0,0.7965,22670,67258.0,22670.0,0.0,Medium (1k–4.9k)
The College of Saint Rose,2,1238.0,37452.0,37452.0,0.5095,16000,56040.0,16000.0,0.0,Medium (1k–4.9k)
St. Thomas Aquinas College,2,1009.0,37720.0,37720.0,0.626,17500,62909.0,17500.0,0.0,Medium (1k–4.9k)
Sarah Lawrence College,2,1468.0,63678.0,63678.0,0.6997,19500,53603.0,19500.0,0.0,Medium (1k–4.9k)
Siena College,2,3447.0,44405.0,44405.0,0.7584,21471,76079.0,21471.0,0.0,Medium (1k–4.9k)
St. Joseph's University-New York,2,3343.0,34535.0,34535.0,0.6421,17750,63905.0,17750.0,0.0,Medium (1k–4.9k)
St. John Fisher University,2,2579.0,39666.0,39666.0,0.7444,19500,66944.0,19500.0,0.0,Medium (1k–4.9k)
St. John's University-New York,2,9742.0,50110.0,50110.0,0.6846,19500,69571.0,19500.0,0.0,Large (5k–14.9k)
SUNY College of Technology at Alfred,1,3510.0,8862.0,16367.0,0.5269,12000,50445.0,12000.0,7505.0,Medium (1k–4.9k)
SUNY College of Technology at Canton,1,2778.0,8689.0,13519.0,0.4406,12500,47860.0,12500.0,4830.0,Medium (1k–4.9k)
SUNY College of Technology at Delhi,1,2597.0,8710.0,12480.0,0.4796,12000,51629.0,12000.0,3770.0,Medium (1k–4.9k)
SUNY College of Agriculture and Technology at Cobleskill,1,1776.0,8676.0,18586.0,0.4091,11000,45030.0,11000.0,9910.0,Medium (1k–4.9k)
Farmingdale State College,1,9117.0,8576.0,18486.0,0.5706,11000,69781.0,11000.0,9910.0,Large (5k–14.9k)
SUNY Morrisville,1,1860.0,8769.0,19189.0,0.319,12000,43295.0,12000.0,10420.0,Medium (1k–4.9k)
University at Albany,1,12100.0,10408.0,28998.0,0.6389,15059,67979.0,15059.0,18590.0,Large (5k–14.9k)
Binghamton University,1,14401.0,10363.0,29453.0,0.8365,15000,80596.0,15000.0,19090.0,Large (5k–14.9k)
University at Buffalo,1,20284.0,10782.0,30572.0,0.7341,14250,70814.0,14250.0,19790.0,Very Large (15k+)
Stony Brook University,1,17420.0,10560.0,30350.0,0.7785,15000,74502.0,15000.0,19790.0,Very Large (15k+)
SUNY College of Environmental Science and Forestry,1,1725.0,9206.0,21036.0,0.6994,13000,55763.0,13000.0,11830.0,Medium (1k–4.9k)
SUNY Polytechnic Institute,1,1773.0,8578.0,20228.0,0.5918,12000,64355.0,12000.0,11650.0,Medium (1k–4.9k)
SUNY Brockport,1,5381.0,8678.0,15748.0,0.5664,15000,54496.0,15000.0,7070.0,Large (5k–14.9k)
SUNY Buffalo State University,1,5358.0,8486.0,18906.0,0.3604,12500,52334.0,12500.0,10420.0,Large (5k–14.9k)
State University of New York at Cortland,1,5896.0,8815.0,18725.0,0.6825,17500,60236.0,17500.0,9910.0,Large (5k–14.9k)
SUNY at Fredonia,1,2860.0,8771.0,19191.0,0.5348,17500,54247.0,17500.0,10420.0,Medium (1k–4.9k)
SUNY College at Geneseo,1,3855.0,8966.0,19206.0,0.7209,14836,67316.0,14836.0,10240.0,Medium (1k–4.9k)
State University of New York at New Paltz,1,6022.0,8524.0,18434.0,0.6888,15000,58073.0,15000.0,9910.0,Large (5k–14.9k)
SUNY Oneonta,1,4820.0,8812.0,19232.0,0.7024,15000,60386.0,15000.0,10420.0,Medium (1k–4.9k)
State University of New York at Oswego,1,5618.0,8769.0,18679.0,0.6037,15750,57566.0,15750.0,9910.0,Large (5k–14.9k)
SUNY College at Potsdam,1,1951.0,8712.0,18622.0,0.4788,18166,47866.0,18166.0,9910.0,Medium (1k–4.9k)
SUNY at Purchase College,1,3110.0,8953.0,18863.0,0.6156,15194,45092.0,15194.0,9910.0,Medium (1k–4.9k)
SUNY Old Westbury,1,3945.0,8379.0,18289.0,0.4659,12000,58526.0,12000.0,9910.0,Medium (1k–4.9k)
State University of New York at Plattsburgh,1,3789.0,8881.0,18791.0,0.5884,15000,56403.0,15000.0,9910.0,Medium (1k–4.9k)
Empire State University,1,7046.0,7630.0,17540.0,0.2932,11000,54080.0,11000.0,9910.0,Large (5k–14.9k)
SUNY Maritime College,1,1242.0,8540.0,18450.0,0.7485,15875,95951.0,15875.0,9910.0,Medium (1k–4.9k)
Syracuse University,2,15245.0,63061.0,63061.0,0.8135,23697,79164.0,23697.0,0.0,Very Large (15k+)
Talmudical Seminary Oholei Torah,2,353.0,8000.0,8000.0,0.1395,PS,39230.0,,0.0,Small (<1k)
Touro University,2,4004.0,21810.0,21810.0,0.6496,12500,53419.0,12500.0,0.0,Medium (1k–4.9k)
Trocaire College,2,962.0,19820.0,19820.0,0.1919,16617,55318.0,16617.0,0.0,Small (<1k)
United Talmudical Seminary,2,2006.0,14133.0,14133.0,0.5694,PS,25113.0,,0.0,Medium (1k–4.9k)
United States Merchant Marine Academy,1,947.0,945.0,945.0,0.8061,6500,90610.0,6500.0,0.0,Small (<1k)
Utica University,2,2477.0,24308.0,24308.0,0.5547,17538,63277.0,17538.0,0.0,Medium (1k–4.9k)
Villa Maria College,2,536.0,28670.0,28670.0,0.3101,10511,38857.0,10511.0,0.0,Small (<1k)
School of Visual Arts,3,3432.0,49140.0,49140.0,0.7493,22000,46459.0,22000.0,0.0,Medium (1k–4.9k)
Wagner College,2,1579.0,52000.0,52000.0,0.6814,21000,74360.0,21000.0,0.0,Medium (1k–4.9k)
Wells College,2,355.0,35166.0,35166.0,0.4088,12000,51094.0,12000.0,0.0,Small (<1k)
The College of Westchester,3,760.0,24705.0,24705.0,0.3205,16875,42215.0,16875.0,0.0,Small (<1k)
Yeshiva of Nitra Rabbinical College,2,249.0,14000.0,14000.0,0.1818,PS,41785.0,,0.0,Small (<1k)
Yeshiva University,2,2942.0,49900.0,49900.0,0.8367,14000,71353.0,14000.0,0.0,Medium (1k–4.9k)
Appalachian State University,1,19304.0,7541.0,24537.0,0.7311,15750,51836.0,15750.0,16996.0,Very Large (15k+)
Barton College,2,1020.0,35600.0,35600.0,0.5152,15000,47913.0,15000.0,0.0,Medium (1k–4.9k)
Belmont Abbey College,2,1454.0,19500.0,19500.0,0.4637,14560,47937.0,14560.0,0.0,Medium (1k–4.9k)
Bennett College,2,191.0,19140.0,19140.0,0.2063,17351,36654.0,17351.0,0.0,Small (<1k)
Brevard College,2,760.0,31250.0,31250.0,0.3902,11250,43545.0,11250.0,0.0,Small (<1k)
Cabarrus College of Health Sciences,2,602.0,16070.0,16070.0,0.4545,11499,58708.0,11499.0,0.0,Small (<1k)
Campbell University,2,2790.0,40410.0,40410.0,0.5586,17000,54886.0,17000.0,0.0,Medium (1k–4.9k)
Catawba College,2,1127.0,33400.0,33400.0,0.5211,13000,48793.0,13000.0,0.0,Medium (1k–4.9k)
Chowan University,2,638.0,27110.0,27110.0,0.2852,15250,38412.0,15250.0,0.0,Small (<1k)
Davidson College,2,1901.0,60300.0,60300.0,0.9189,16511,81400.0,16511.0,0.0,Medium (1k–4.9k)
East Carolina University,1,19857.0,7361.0,23638.0,0.6214,17500,55146.0,17500.0,16277.0,Very Large (15k+)
Elizabeth City State University,1,1863.0,3412.0,7412.0,0.4809,12656,40026.0,12656.0,4000.0,Medium (1k–4.9k)
Elon University,2,6402.0,44536.0,44536.0,0.8296,18500,74545.0,18500.0,0.0,Large (5k–14.9k)
Fayetteville State University,1,5493.0,3969.0,7969.0,0.352,15766,40144.0,15766.0,4000.0,Large (5k–14.9k)
Gardner-Webb University,2,1836.0,33450.0,33450.0,0.6168,16453,48039.0,16453.0,0.0,Medium (1k–4.9k)
Greensboro College,2,656.0,20400.0,20400.0,0.4081,17986,46566.0,17986.0,0.0,Small (<1k)
Guilford College,2,1011.0,41140.0,41140.0,0.4766,15448,47590.0,15448.0,0.0,Medium (1k–4.9k)
Heritage Bible College,2,28.0,8688.0,8688.0,0.4,PS,30672.0,,0.0,Small (<1k)
High Point University,2,4970.0,44208.0,44208.0,0.7,19000,61389.0,19000.0,0.0,Medium (1k–4.9k)
Johnson C Smith University,2,1047.0,20480.0,20480.0,0.3414,20500,42680.0,20500.0,0.0,Medium (1k–4.9k)
Lees-McRae College,2,817.0,31140.0,31140.0,0.4423,12000,43415.0,12000.0,0.0,Small (<1k)
Lenoir-Rhyne University,2,1348.0,30900.0,30900.0,0.5105,15750,45543.0,15750.0,0.0,Medium (1k–4.9k)
Livingstone College,2,798.0,18296.0,18296.0,0.2712,26000,32600.0,26000.0,0.0,Small (<1k)
Mars Hill University,2,995.0,37270.0,37270.0,0.4193,18172,44781.0,18172.0,0.0,Small (<1k)
Meredith College,2,1288.0,43936.0,43936.0,0.6497,20066,51539.0,20066.0,0.0,Medium (1k–4.9k)
Methodist University,2,1425.0,39664.0,39664.0,0.4015,12500,48050.0,12500.0,0.0,Medium (1k–4.9k)
Montreat College,2,750.0,33860.0,33860.0,0.4057,13875,45151.0,13875.0,0.0,Small (<1k)
University of Mount Olive,2,1754.0,25950.0,25950.0,0.4746,20811,47139.0,20811.0,0.0,Medium (1k–4.9k)
North Carolina A & T State University,1,11925.0,6748.0,20408.0,0.5527,20909,44440.0,20909.0,13660.0,Large (5k–14.9k)
University of North Carolina Asheville,1,2790.0,7461.0,24809.0,0.5495,14138,44030.0,14138.0,17348.0,Medium (1k–4.9k)
University of North Carolina at Chapel Hill,1,20556.0,8989.0,39330.0,0.9207,12989,72200.0,12989.0,30341.0,Very Large (15k+)
University of North Carolina at Charlotte,1,23567.0,7214.0,21876.0,0.6771,16500,57289.0,16500.0,14662.0,Very Large (15k+)
University of North Carolina at Greensboro,1,13848.0,7593.0,23339.0,0.579,16750,48160.0,16750.0,15746.0,Large (5k–14.9k)
North Carolina Central University,1,5400.0,6542.0,19578.0,0.4597,22000,42968.0,22000.0,13036.0,Large (5k–14.9k)
University of North Carolina School of the Arts,1,902.0,9477.0,27211.0,0.7919,19500,38357.0,19500.0,17734.0,Small (<1k)
North Carolina State University at Raleigh,1,26389.0,8895.0,31767.0,0.8464,17320,68758.0,17320.0,22872.0,Very Large (15k+)
North Carolina Wesleyan University,2,1169.0,35536.0,35536.0,0.4043,19531,45873.0,19531.0,0.0,Medium (1k–4.9k)
University of North Carolina Wilmington,1,14176.0,7317.0,22985.0,0.7073,15178,54967.0,15178.0,15668.0,Large (5k–14.9k)
William Peace University,2,661.0,33150.0,33150.0,0.4433,15145,46643.0,15145.0,0.0,Small (<1k)
University of North Carolina at Pembroke,1,5386.0,3571.0,7571.0,0.4452,15500,43407.0,15500.0,4000.0,Large (5k–14.9k)
Pfeiffer University,2,654.0,33930.0,33930.0,0.426,15500,51562.0,15500.0,0.0,Small (<1k)
Queens University of Charlotte,2,1362.0,43285.0,43285.0,0.6588,19500,57673.0,19500.0,0.0,Medium (1k–4.9k)
Mid-Atlantic Christian University,2,161.0,17280.0,17280.0,0.4259,9500,38342.0,9500.0,0.0,Small (<1k)
Saint Augustine's University,2,766.0,16896.0,16896.0,0.3323,12750,35730.0,12750.0,0.0,Small (<1k)
Salem College,2,390.0,32236.0,32236.0,0.5625,19500,44640.0,19500.0,0.0,Small (<1k)
Shaw University,2,839.0,17176.0,17176.0,0.2025,19000,34409.0,19000.0,0.0,Small (<1k)
St. Andrews University,2,806.0,30800.0,30800.0,0.2713,8750,45606.0,8750.0,0.0,Small (<1k)
Wake Forest University,2,5471.0,64758.0,64758.0,0.9087,19500,78158.0,19500.0,0.0,Large (5k–14.9k)
Warren Wilson College,2,720.0,40290.0,40290.0,0.4315,9500,36260.0,9500.0,0.0,Small (<1k)
Wingate University,2,2462.0,40196.0,40196.0,0.4678,12000,52649.0,12000.0,0.0,Medium (1k–4.9k)
Carolina Christian College,2,53.0,9420.0,9420.0,0.0,10000,40672.0,10000.0,0.0,Small (<1k)
Winston-Salem State University,1,4244.0,6735.0,17391.0,0.4855,18447,45344.0,18447.0,10656.0,Medium (1k–4.9k)
Western Carolina University,1,9867.0,4532.0,8532.0,0.5908,15348,49458.0,15348.0,4000.0,Large (5k–14.9k)
Rasmussen University-North Dakota,3,44.0,12715.0,12715.0,0.5789,13000,39080.0,13000.0,0.0,Small (<1k)
Bismarck State College,1,2629.0,5195.0,7279.0,0.4803,6750,54277.0,6750.0,2084.0,Medium (1k–4.9k)
Dickinson State University,1,1108.0,9118.0,11218.0,0.4339,11960,50720.0,11960.0,2100.0,Medium (1k–4.9k)
University of Jamestown,2,947.0,24820.0,24820.0,0.4402,15897,56621.0,15897.0,0.0,Small (<1k)
University of Mary,2,2280.0,21468.0,21468.0,0.6819,18750,60909.0,18750.0,0.0,Medium (1k–4.9k)
Mayville State University,1,704.0,7935.0,9564.0,0.4032,12268,47828.0,12268.0,1629.0,Small (<1k)
Minot State University,1,2072.0,8634.0,8634.0,0.4776,11980,51759.0,11980.0,0.0,Medium (1k–4.9k)
University of North Dakota,1,9296.0,10951.0,15570.0,0.6333,15238,63552.0,15238.0,4619.0,Large (5k–14.9k)
North Dakota State University-Main Campus,1,9567.0,10857.0,15511.0,0.6372,16750,62203.0,16750.0,4654.0,Large (5k–14.9k)
Sitting Bull College,1,226.0,4010.0,4010.0,0.2388,PS,28488.0,,0.0,Small (<1k)
Trinity Bible College and Graduate School,2,138.0,18762.0,18762.0,0.3878,16043,35604.0,16043.0,0.0,Small (<1k)
Turtle Mountain Community College,2,613.0,2626.0,2626.0,0.5447,PS,32079.0,,0.0,Small (<1k)
United Tribes Technical College,2,532.0,4252.0,4252.0,0.3377,PS,25292.0,,0.0,Small (<1k)
Valley City State University,1,918.0,8514.0,13478.0,0.4813,11761,52725.0,11761.0,4964.0,Small (<1k)
Herzing University-Akron,2,378.0,13420.0,13420.0,0.2121,11756,36909.0,11756.0,0.0,Small (<1k)
University of Akron Main Campus,1,10011.0,12799.0,17239.0,0.4818,15250,46600.0,15250.0,4440.0,Large (5k–14.9k)
Allegheny Wesleyan College,2,54.0,6800.0,6800.0,0.4,PS,37453.0,,0.0,Small (<1k)
Art Academy of Cincinnati,2,254.0,40250.0,40250.0,0.4444,11750,34368.0,11750.0,0.0,Small (<1k)
Ashland University,2,2250.0,28910.0,28910.0,0.6059,20000,52928.0,20000.0,0.0,Medium (1k–4.9k)
Aultman College of Nursing and Health Sciences,2,232.0,19854.0,19854.0,0.5185,13531,63582.0,13531.0,0.0,Small (<1k)
Baldwin Wallace University,2,2775.0,37938.0,37938.0,0.6861,24250,54122.0,24250.0,0.0,Medium (1k–4.9k)
Bluffton University,2,595.0,36298.0,36298.0,0.4952,19500,49547.0,19500.0,0.0,Small (<1k)
Bowling Green State University-Firelands,1,1134.0,6206.0,13895.0,0.1016,17500,47896.0,17500.0,7689.0,Medium (1k–4.9k)
Bowling Green State University-Main Campus,1,12255.0,14081.0,22070.0,0.6277,17500,47896.0,17500.0,7989.0,Large (5k–14.9k)
Bryant & Stratton College-Parma,2,522.0,19542.0,19542.0,0.2069,9500,32568.0,9500.0,0.0,Small (<1k)
Capital University,2,1709.0,41788.0,41788.0,0.6554,20927,54143.0,20927.0,0.0,Medium (1k–4.9k)
Case Western Reserve University,2,6108.0,64671.0,64671.0,0.8695,21488,87989.0,21488.0,0.0,Large (5k–14.9k)
Cedarville University,2,3815.0,36078.0,36078.0,0.7431,17500,55443.0,17500.0,0.0,Medium (1k–4.9k)
Central Ohio Technical College,1,1549.0,5136.0,7896.0,0.2423,6644,39168.0,6644.0,2760.0,Medium (1k–4.9k)
Central State University,1,3412.0,7824.0,9824.0,0.2557,13740,33267.0,13740.0,2000.0,Medium (1k–4.9k)
The Christ College of Nursing and Health Sciences,2,762.0,16394.0,16394.0,0.6,19500,68303.0,19500.0,0.0,Small (<1k)
University of Cincinnati-Main Campus,1,29094.0,13570.0,30582.0,0.7155,12000,54810.0,12000.0,17012.0,Very Large (15k+)
Cincinnati State Technical and Community College,1,5283.0,5400.0,9801.0,0.2043,7966,40137.0,7966.0,4401.0,Large (5k–14.9k)
University of Cincinnati-Clermont College,1,2606.0,6554.0,13786.0,0.246,12000,54810.0,12000.0,7232.0,Medium (1k–4.9k)
University of Cincinnati-Blue Ash College,1,4104.0,6992.0,15790.0,0.1514,12000,54810.0,12000.0,8798.0,Medium (1k–4.9k)
Ohio Christian University,2,816.0,23700.0,23700.0,0.3571,21250,39813.0,21250.0,0.0,Small (<1k)
Clark State College,1,3134.0,4200.0,7809.0,0.2465,6899,39584.0,6899.0,3609.0,Medium (1k–4.9k)
Cleveland Institute of Art,2,560.0,47880.0,47880.0,0.6753,26500,42509.0,26500.0,0.0,Small (<1k)
Cleveland Institute of Music,2,193.0,42500.0,42500.0,0.6852,18500,32641.0,18500.0,0.0,Small (<1k)
Cleveland State University,1,9077.0,12613.0,17973.0,0.4891,15333,52131.0,15333.0,5360.0,Large (5k–14.9k)
Columbus College of Art & Design,2,891.0,39650.0,39650.0,0.6133,20500,40664.0,20500.0,0.0,Small (<1k)
Davis College,3,95.0,14130.0,14130.0,0.0833,11996,31588.0,11996.0,0.0,Small (<1k)
University of Dayton,2,8099.0,47600.0,47600.0,0.8152,19500,75537.0,19500.0,0.0,Large (5k–14.9k)
Defiance College,2,454.0,38778.0,38778.0,0.3667,11000,49351.0,11000.0,0.0,Small (<1k)
Denison University,2,2398.0,64000.0,64000.0,0.8006,21250,67753.0,21250.0,0.0,Medium (1k–4.9k)
The University of Findlay,2,2240.0,39646.0,39646.0,0.6263,19500,56996.0,19500.0,0.0,Medium (1k–4.9k)
Franklin University,2,5111.0,9577.0,9577.0,0.3025,14238,51892.0,14238.0,0.0,Large (5k–14.9k)
Gods Bible School and College,2,285.0,7696.0,7696.0,0.5,5500,37722.0,5500.0,0.0,Small (<1k)
Good Samaritan College of Nursing and Health Science,2,455.0,15470.0,15470.0,0.75,16013,66111.0,16013.0,0.0,Small (<1k)
Heidelberg University,2,884.0,33628.0,33628.0,0.4984,20500,48466.0,20500.0,0.0,Small (<1k)
Hiram College,2,731.0,26265.0,26265.0,0.5914,19500,54311.0,19500.0,0.0,Small (<1k)
John Carroll University,2,2228.0,49100.0,49100.0,0.7649,21500,62860.0,21500.0,0.0,Medium (1k–4.9k)
Kent State University at Ashtabula,1,1314.0,7272.0,16744.0,0.2584,17500,45388.0,17500.0,9472.0,Medium (1k–4.9k)
Kent State University at East Liverpool,1,705.0,7272.0,16744.0,0.098,17500,45388.0,17500.0,9472.0,Small (<1k)
Kent State University at Stark,1,2626.0,7272.0,16744.0,0.3726,17500,45388.0,17500.0,9472.0,Medium (1k–4.9k)
Kent State University at Trumbull,1,1648.0,7272.0,16744.0,0.2677,17500,45388.0,17500.0,9472.0,Medium (1k–4.9k)
Kent State University at Tuscarawas,1,1502.0,7272.0,16744.0,0.371,17500,45388.0,17500.0,9472.0,Medium (1k–4.9k)
Kent State University at Salem,1,1127.0,7272.0,16744.0,0.2819,17500,45388.0,17500.0,9472.0,Medium (1k–4.9k)
Kent State University at Kent,1,19134.0,12846.0,22316.0,0.6545,17500,45388.0,17500.0,9470.0,Very Large (15k+)
Kent State University at Geauga,1,1547.0,7272.0,16744.0,0.2593,17500,45388.0,17500.0,9472.0,Medium (1k–4.9k)
Kettering College,2,543.0,15672.0,15672.0,0.65,19456,67492.0,19456.0,0.0,Small (<1k)
Lake Erie College,2,678.0,36032.0,36032.0,0.4194,13875,50417.0,13875.0,0.0,Small (<1k)
James A. Rhodes State College,1,1545.0,4657.0,9217.0,0.3291,7759,41855.0,7759.0,4560.0,Medium (1k–4.9k)
Lorain County Community College,1,5394.0,4135.0,8730.0,0.3272,8917,38837.0,8917.0,4595.0,Large (5k–14.9k)
Lourdes University,2,668.0,28930.0,28930.0,0.381,19000,48150.0,19000.0,0.0,Small (<1k)
Malone University,2,777.0,36120.0,36120.0,0.5134,20515,48909.0,20515.0,0.0,Small (<1k)
Marietta College,2,1035.0,38974.0,38974.0,0.5809,12000,57180.0,12000.0,0.0,Medium (1k–4.9k)
Marion Technical College,1,1351.0,6475.0,11065.0,0.2233,5500,41495.0,5500.0,4590.0,Medium (1k–4.9k)
Mercy College of Ohio,2,982.0,18950.0,18950.0,0.4464,15084,65409.0,15084.0,0.0,Small (<1k)
Miami University-Hamilton,1,2025.0,7278.0,18847.0,0.2159,16000,55076.0,16000.0,11569.0,Medium (1k–4.9k)
Miami University-Middletown,1,871.0,7278.0,18847.0,0.2454,16000,55076.0,16000.0,11569.0,Small (<1k)
Miami University-Oxford,1,16361.0,17809.0,40025.0,0.8184,16000,55076.0,16000.0,22216.0,Very Large (15k+)
Mount Carmel College of Nursing,2,573.0,13890.0,13890.0,0.7089,21000,75103.0,21000.0,0.0,Small (<1k)
University of Mount Union,2,1785.0,35400.0,35400.0,0.6487,20500,53217.0,20500.0,0.0,Medium (1k–4.9k)
Mount Vernon Nazarene University,2,1346.0,35524.0,35524.0,0.6364,19565,49555.0,19565.0,0.0,Medium (1k–4.9k)
Mount St. Joseph University,2,1100.0,36650.0,36650.0,0.5471,18837,51509.0,18837.0,0.0,Medium (1k–4.9k)
Zane State College,1,717.0,5856.0,11466.0,0.5297,3995,35006.0,3995.0,5610.0,Small (<1k)
Muskingum University,2,1407.0,31440.0,31440.0,0.5273,16750,48440.0,16750.0,0.0,Medium (1k–4.9k)
North Central State College,1,1187.0,4624.0,9102.0,0.3418,4500,38158.0,4500.0,4478.0,Medium (1k–4.9k)
Notre Dame College,2,1049.0,32606.0,32606.0,0.3663,15750,49737.0,15750.0,0.0,Medium (1k–4.9k)
University of Northwestern Ohio,2,2572.0,12930.0,12930.0,0.5415,12000,50968.0,12000.0,0.0,Medium (1k–4.9k)
Oberlin College,2,2950.0,64646.0,64646.0,0.7948,19500,58343.0,19500.0,0.0,Medium (1k–4.9k)
Ohio Dominican University,2,785.0,34370.0,34370.0,0.479,16557,51748.0,16557.0,0.0,Small (<1k)
Ohio Northern University,2,2386.0,37800.0,37800.0,0.7418,24250,80928.0,24250.0,0.0,Medium (1k–4.9k)
Ohio State University-Lima Campus,1,656.0,9212.0,34718.0,0.181,14500,60409.0,14500.0,25506.0,Small (<1k)
Ohio State University-Mansfield Campus,1,726.0,9212.0,34718.0,0.1406,14500,60409.0,14500.0,25506.0,Small (<1k)
Ohio State University-Marion Campus,1,842.0,9212.0,34718.0,0.2566,14500,60409.0,14500.0,25506.0,Small (<1k)
Ohio State University-Newark Campus,1,2302.0,9212.0,34718.0,0.3088,14500,60409.0,14500.0,25506.0,Medium (1k–4.9k)
Ohio University-Eastern Campus,1,305.0,6178.0,9170.0,0.2,15332,52581.0,15332.0,2992.0,Small (<1k)
Ohio University-Chillicothe Campus,1,777.0,6178.0,9170.0,0.1213,15332,52581.0,15332.0,2992.0,Small (<1k)
Ohio University-Southern Campus,1,461.0,6178.0,9170.0,0.1929,15332,52581.0,15332.0,2992.0,Small (<1k)
Ohio University-Lancaster Campus,1,657.0,6178.0,9170.0,0.1371,15332,52581.0,15332.0,2992.0,Small (<1k)
Ohio University-Main Campus,1,18456.0,13746.0,24114.0,0.6644,15332,52581.0,15332.0,10368.0,Very Large (15k+)
Ohio University-Zanesville Campus,1,526.0,6178.0,9170.0,0.177,15332,52581.0,15332.0,2992.0,Small (<1k)
Ohio Wesleyan University,2,1450.0,52357.0,52357.0,0.6174,21500,55624.0,21500.0,0.0,Medium (1k–4.9k)
Otterbein University,2,2055.0,34899.0,34899.0,0.6895,20500,53313.0,20500.0,0.0,Medium (1k–4.9k)
Professional Skills Institute,3,402.0,14920.0,14920.0,0.6739,12667,47765.0,12667.0,0.0,Small (<1k)
University of Rio Grande,2,795.0,20560.0,20560.0,0.3216,11750,41478.0,11750.0,0.0,Small (<1k)
The Modern College of Design,3,189.0,30548.0,30548.0,0.6195,12000,42187.0,12000.0,0.0,Small (<1k)
Shawnee State University,1,2300.0,9622.0,16157.0,0.4298,12885,39596.0,12885.0,6535.0,Medium (1k–4.9k)
Sinclair Community College,1,12585.0,3435.0,8316.0,0.3186,5500,37558.0,5500.0,4881.0,Large (5k–14.9k)
Franciscan University of Steubenville,2,2775.0,32630.0,32630.0,0.7709,18590,50030.0,18590.0,0.0,Medium (1k–4.9k)
Tiffin University,2,1938.0,32400.0,32400.0,0.4295,15795,35942.0,15795.0,0.0,Medium (1k–4.9k)
University of Toledo,1,10244.0,12377.0,21737.0,0.5563,14750,50632.0,14750.0,9360.0,Large (5k–14.9k)
Ursuline College,2,630.0,37860.0,37860.0,0.5325,21938,56878.0,21938.0,0.0,Small (<1k)
Walsh University,2,1294.0,34595.0,34595.0,0.6169,20000,59764.0,20000.0,0.0,Medium (1k–4.9k)
Washington State College of Ohio,1,1002.0,4128.0,4152.0,0.3211,6750,37988.0,6750.0,24.0,Medium (1k–4.9k)
Wilberforce University,2,602.0,14776.0,14776.0,0.1597,12000,38298.0,12000.0,0.0,Small (<1k)
Wilmington College,2,924.0,30962.0,30962.0,0.5508,14782,48491.0,14782.0,0.0,Small (<1k)
Wittenberg University,2,1269.0,44602.0,44602.0,0.5382,23252,54947.0,23252.0,0.0,Medium (1k–4.9k)
The College of Wooster,2,1876.0,59550.0,59550.0,0.7356,21115,59629.0,21115.0,0.0,Medium (1k–4.9k)
Wright State University-Main Campus,1,6330.0,11188.0,20606.0,0.4586,15854,49500.0,15854.0,9418.0,Large (5k–14.9k)
Wright State University-Lake Campus,1,984.0,7504.0,16922.0,0.4247,15854,49500.0,15854.0,9418.0,Small (<1k)
Xavier University,2,4723.0,48125.0,48125.0,0.705,18750,64873.0,18750.0,0.0,Medium (1k–4.9k)
Youngstown State University,1,7340.0,10791.0,11151.0,0.5291,15750,41544.0,15750.0,360.0,Large (5k–14.9k)
Bacone College,2,106.0,15060.0,15060.0,0.0239,12832,40006.0,12832.0,0.0,Small (<1k)
Oklahoma Wesleyan University,2,663.0,31466.0,31466.0,0.2843,16679,59841.0,16679.0,0.0,Small (<1k)
Southern Nazarene University,2,1459.0,29600.0,29600.0,0.4879,17337,54951.0,17337.0,0.0,Medium (1k–4.9k)
Cameron University,1,2534.0,6900.0,16320.0,0.2154,11000,40118.0,11000.0,9420.0,Medium (1k–4.9k)
University of Central Oklahoma,1,10132.0,8522.0,19409.0,0.375,13000,48351.0,13000.0,10887.0,Large (5k–14.9k)
East Central University,1,2157.0,8032.0,17542.0,0.3274,11250,44962.0,11250.0,9510.0,Medium (1k–4.9k)
Randall University,2,262.0,17322.0,17322.0,0.2055,13250,42051.0,13250.0,0.0,Small (<1k)
Langston University,1,1743.0,6728.0,14255.0,0.175,11664,33261.0,11664.0,7527.0,Medium (1k–4.9k)
Spartan College of Aeronautics and Technology,3,744.0,18828.0,18828.0,0.6047,14726,49944.0,14726.0,0.0,Small (<1k)
Northeastern State University,1,4636.0,7513.0,16633.0,0.372,12000,45379.0,12000.0,9120.0,Medium (1k–4.9k)
Northwestern Oklahoma State University,1,1468.0,5970.0,11664.0,0.3542,11000,44358.0,11000.0,5694.0,Medium (1k–4.9k)
Oklahoma Christian University,2,1897.0,25900.0,25900.0,0.5517,18500,49203.0,18500.0,0.0,Medium (1k–4.9k)
Oklahoma Panhandle State University,1,997.0,7922.0,8673.0,0.2613,7500,44933.0,7500.0,751.0,Small (<1k)
Oklahoma State University-Main Campus,1,20814.0,10234.0,25754.0,0.6589,15500,57413.0,15500.0,15520.0,Very Large (15k+)
Oklahoma State University-Oklahoma City,1,3424.0,3779.0,9564.0,0.1321,8989,41307.0,8989.0,5785.0,Medium (1k–4.9k)
Oklahoma Baptist University,2,1292.0,34050.0,34050.0,0.4973,15363,48434.0,15363.0,0.0,Medium (1k–4.9k)
Oklahoma City University,2,1433.0,33586.0,33586.0,0.6419,15250,54655.0,15250.0,0.0,Medium (1k–4.9k)
University of Oklahoma-Norman Campus,1,21496.0,9595.0,26665.0,0.753,15500,63126.0,15500.0,17070.0,Very Large (15k+)
Oklahoma State University Institute of Technology,1,2131.0,5774.0,11384.0,0.4215,9000,45634.0,9000.0,5610.0,Medium (1k–4.9k)
Oral Roberts University,2,3322.0,34100.0,34100.0,0.539,20250,46885.0,20250.0,0.0,Medium (1k–4.9k)
Rogers State University,1,2552.0,7392.0,15176.0,0.2541,11250,43166.0,11250.0,7784.0,Medium (1k–4.9k)
University of Science and Arts of Oklahoma,1,896.0,9000.0,20190.0,0.3626,10736,41913.0,10736.0,11190.0,Small (<1k)
Southeastern Oklahoma State University,1,3031.0,7200.0,16410.0,0.3333,10623,45079.0,10623.0,9210.0,Medium (1k–4.9k)
Southwestern Christian University,2,351.0,21316.0,21316.0,0.1271,13000,40391.0,13000.0,0.0,Small (<1k)
Southwestern Oklahoma State University,1,3469.0,8295.0,8325.0,0.3471,11750,45744.0,11750.0,30.0,Medium (1k–4.9k)
University of Tulsa,2,2447.0,48602.0,48602.0,0.7331,12500,61408.0,12500.0,0.0,Medium (1k–4.9k)
Chemeketa Community College,1,6457.0,6210.0,13905.0,0.2215,7408,40968.0,7408.0,7695.0,Large (5k–14.9k)
Eastern Oregon University,1,2201.0,10671.0,24621.0,0.3662,13500,50112.0,13500.0,13950.0,Medium (1k–4.9k)
New Hope Christian College-Eugene,2,45.0,17620.0,17620.0,0.25,18500,31115.0,18500.0,0.0,Small (<1k)
George Fox University,2,2505.0,40940.0,40940.0,0.6868,19500,59761.0,19500.0,0.0,Medium (1k–4.9k)
Lewis & Clark College,2,2167.0,62350.0,62350.0,0.7124,13644,62205.0,13644.0,0.0,Medium (1k–4.9k)
Linfield University,2,1642.0,49530.0,49530.0,0.6515,20500,78638.0,20500.0,0.0,Medium (1k–4.9k)
Mount Angel Seminary,2,28.0,29694.0,29694.0,0.3333,PS,57436.0,,0.0,Small (<1k)
Mt Hood Community College,1,3540.0,5175.0,9675.0,0.2605,7339,41125.0,7339.0,4500.0,Medium (1k–4.9k)
Multnomah University,2,329.0,30310.0,30310.0,0.5082,14394,47939.0,14394.0,0.0,Small (<1k)
Bushnell University,2,533.0,34740.0,34740.0,0.6176,15633,53623.0,15633.0,0.0,Small (<1k)
Oregon Institute of Technology,1,2913.0,12687.0,35592.0,0.5908,15625,72273.0,15625.0,22905.0,Medium (1k–4.9k)
Oregon State University,1,29557.0,13494.0,35664.0,0.7063,15000,64010.0,15000.0,22170.0,Very Large (15k+)
University of Oregon,1,19758.0,15669.0,43302.0,0.7148,15000,61324.0,15000.0,27633.0,Very Large (15k+)
Pacific Northwest College of Art,2,412.0,47126.0,47126.0,0.4568,10500,34883.0,10500.0,0.0,Small (<1k)
Pacific University,2,1556.0,54466.0,54466.0,0.6478,17036,60583.0,17036.0,0.0,Medium (1k–4.9k)
Portland State University,1,13619.0,11238.0,30138.0,0.5313,15457,57906.0,15457.0,18900.0,Large (5k–14.9k)
University of Portland,2,3104.0,54900.0,54900.0,0.8042,18500,82804.0,18500.0,0.0,Medium (1k–4.9k)
Southern Oregon University,1,2911.0,12093.0,30723.0,0.4418,15000,49175.0,15000.0,18630.0,Medium (1k–4.9k)
Warner Pacific University,2,344.0,21010.0,21010.0,0.8209,20250,55204.0,20250.0,0.0,Small (<1k)
Corban University,2,636.0,37208.0,37208.0,0.6103,17951,48917.0,17951.0,0.0,Small (<1k)
Willamette University,2,1525.0,48268.0,48268.0,0.7273,18913,56911.0,18913.0,0.0,Medium (1k–4.9k)
Western Oregon University,1,3211.0,11025.0,30735.0,0.4483,15000,51815.0,15000.0,19710.0,Medium (1k–4.9k)
Bryn Athyn College of the New Church,2,273.0,27804.0,27804.0,0.4632,13500,40457.0,13500.0,0.0,Small (<1k)
Albright College,2,1296.0,28794.0,28794.0,0.4215,23250,58700.0,23250.0,0.0,Medium (1k–4.9k)
Allegheny College,2,1209.0,54960.0,54960.0,0.6653,25017,62069.0,25017.0,0.0,Medium (1k–4.9k)
DeSales University,2,2113.0,44800.0,44800.0,0.7102,20000,61295.0,20000.0,0.0,Medium (1k–4.9k)
Alvernia University,2,2042.0,42810.0,42810.0,0.5849,20500,55055.0,20500.0,0.0,Medium (1k–4.9k)
Clarks Summit University,2,331.0,32400.0,32400.0,0.5417,14500,38818.0,14500.0,0.0,Small (<1k)
Arcadia University,2,1799.0,48290.0,48290.0,0.6401,21852,58336.0,21852.0,0.0,Medium (1k–4.9k)
Bryn Mawr College,2,1346.0,62560.0,62560.0,0.8559,21441,75217.0,21441.0,0.0,Medium (1k–4.9k)
Bucknell University,2,3818.0,64772.0,64772.0,0.8623,23250,93807.0,23250.0,0.0,Medium (1k–4.9k)
Cabrini University,2,645.0,35815.0,35815.0,0.5052,19500,59038.0,19500.0,0.0,Small (<1k)
Carlow University,2,1336.0,34502.0,34502.0,0.5519,21513,51051.0,21513.0,0.0,Medium (1k–4.9k)
Cedar Crest College,2,857.0,44934.0,44934.0,0.5822,23044,59460.0,23044.0,0.0,Small (<1k)
Central Penn College,3,721.0,19404.0,19404.0,0.3889,13035,45370.0,13035.0,0.0,Small (<1k)
Chatham University,2,1252.0,43810.0,43810.0,0.662,18326,52410.0,18326.0,0.0,Medium (1k–4.9k)
Chestnut Hill College,2,931.0,39410.0,39410.0,0.561,20782,52015.0,20782.0,0.0,Small (<1k)
Cheyney University of Pennsylvania,1,721.0,10904.0,18870.0,0.1616,13000,37837.0,13000.0,7966.0,Small (<1k)
Delaware Valley University,2,1644.0,43300.0,43300.0,0.522,17500,55838.0,17500.0,0.0,Medium (1k–4.9k)
Dickinson College,2,2157.0,63475.0,63475.0,0.8342,17294,70204.0,17294.0,0.0,Medium (1k–4.9k)
Drexel University,2,13509.0,60663.0,60663.0,0.7712,20204,84648.0,20204.0,0.0,Large (5k–14.9k)
Duquesne University,2,5216.0,47146.0,47146.0,0.7555,23500,74742.0,23500.0,0.0,Large (5k–14.9k)
East Stroudsburg University of Pennsylvania,1,4611.0,11036.0,19002.0,0.4383,16750,56148.0,16750.0,7966.0,Medium (1k–4.9k)
Eastern University,2,1978.0,37420.0,37420.0,0.5596,18000,51655.0,18000.0,0.0,Medium (1k–4.9k)
Elizabethtown College,2,1815.0,36842.0,36842.0,0.7707,26000,62399.0,26000.0,0.0,Medium (1k–4.9k)
Gannon University,2,2467.0,37951.0,37951.0,0.6954,23031,58845.0,23031.0,0.0,Medium (1k–4.9k)
Geneva College,2,1000.0,33610.0,33610.0,0.6146,18907,50004.0,18907.0,0.0,Medium (1k–4.9k)
Gettysburg College,2,2209.0,64230.0,64230.0,0.8273,23250,71517.0,23250.0,0.0,Medium (1k–4.9k)
Gwynedd Mercy University,2,1141.0,38310.0,38310.0,0.5849,23256,67145.0,23256.0,0.0,Medium (1k–4.9k)
Holy Family University,2,2298.0,33968.0,33968.0,0.6039,21175,62235.0,21175.0,0.0,Medium (1k–4.9k)
Immaculata University,2,1265.0,28550.0,28550.0,0.6447,19560,75701.0,19560.0,0.0,Medium (1k–4.9k)
Indiana University of Pennsylvania-Main Campus,1,6893.0,11380.0,16297.0,0.5239,19995,51019.0,19995.0,4917.0,Large (5k–14.9k)
Juniata College,2,1175.0,56402.0,56402.0,0.6891,23858,56918.0,23858.0,0.0,Medium (1k–4.9k)
Keystone College,2,870.0,17850.0,17850.0,0.4116,16250,44976.0,16250.0,0.0,Small (<1k)
King's College,2,1519.0,42600.0,42600.0,0.601,22847,59498.0,22847.0,0.0,Medium (1k–4.9k)
Kutztown University of Pennsylvania,1,6348.0,11230.0,16434.0,0.5411,20000,53775.0,20000.0,5204.0,Large (5k–14.9k)
La Roche University,2,786.0,33120.0,33120.0,0.5766,19470,52341.0,19470.0,0.0,Small (<1k)
La Salle University,2,1966.0,35570.0,35570.0,0.579,17500,67416.0,17500.0,0.0,Medium (1k–4.9k)
Lackawanna College,2,1837.0,17950.0,17950.0,0.3773,11500,41000.0,11500.0,0.0,Medium (1k–4.9k)
Lafayette College,2,2746.0,62574.0,62574.0,0.8805,14000,91410.0,14000.0,0.0,Medium (1k–4.9k)
Lancaster Bible College,2,1511.0,29990.0,29990.0,0.7143,15000,44096.0,15000.0,0.0,Medium (1k–4.9k)
Lebanon Valley College,2,1670.0,50320.0,50320.0,0.7251,21000,62621.0,21000.0,0.0,Medium (1k–4.9k)
Lincoln University,1,1712.0,12512.0,19384.0,0.5212,22862,43167.0,22862.0,6872.0,Medium (1k–4.9k)
Lycoming College,2,1049.0,47675.0,47675.0,0.5957,23500,56210.0,23500.0,0.0,Medium (1k–4.9k)
Manor College,2,462.0,19964.0,19964.0,0.2442,11250,46825.0,11250.0,0.0,Small (<1k)
Marywood University,2,1821.0,39570.0,39570.0,0.7252,23235,55817.0,23235.0,0.0,Medium (1k–4.9k)
Mercyhurst University,2,2217.0,44510.0,44510.0,0.5873,19500,47452.0,19500.0,0.0,Medium (1k–4.9k)
Messiah University,2,2318.0,40640.0,40640.0,0.785,21911,54064.0,21911.0,0.0,Medium (1k–4.9k)
Millersville University of Pennsylvania,1,5610.0,12262.0,16232.0,0.544,17220,55246.0,17220.0,3970.0,Large (5k–14.9k)
Misericordia University,2,1632.0,38370.0,38370.0,0.692,24854,64313.0,24854.0,0.0,Medium (1k–4.9k)
Moore College of Art and Design,2,390.0,50279.0,50279.0,0.6344,20500,37839.0,20500.0,0.0,Small (<1k)
Moravian University,2,1970.0,52000.0,52000.0,0.7107,22000,61860.0,22000.0,0.0,Medium (1k–4.9k)
Mount Aloysius College,2,1123.0,26156.0,26156.0,0.5556,16980,46165.0,16980.0,0.0,Medium (1k–4.9k)
Muhlenberg College,2,1777.0,60240.0,60240.0,0.8025,22000,69107.0,22000.0,0.0,Medium (1k–4.9k)
Neumann University,2,1574.0,37300.0,37300.0,0.4611,19630,57817.0,19630.0,0.0,Medium (1k–4.9k)
Pennsylvania Institute of Technology,2,661.0,14445.0,14445.0,0.3258,6334,35703.0,6334.0,0.0,Small (<1k)
Pennsylvania State University-Penn State Erie-Behrend College,1,3172.0,15944.0,26668.0,0.457,19500,63435.0,19500.0,10724.0,Medium (1k–4.9k)
Pennsylvania State University-Penn State New Kensington,1,423.0,14380.0,23872.0,0.2443,19500,63435.0,19500.0,9492.0,Small (<1k)
Pennsylvania State University-Penn State Shenango,1,261.0,14002.0,23310.0,0.2295,19500,63435.0,19500.0,9308.0,Small (<1k)
Pennsylvania State University-Penn State Wilkes-Barre,1,338.0,14258.0,23750.0,0.1667,19500,63435.0,19500.0,9492.0,Small (<1k)
Pennsylvania State University-Penn State Scranton,1,821.0,15180.0,25118.0,0.3189,19500,63435.0,19500.0,9938.0,Small (<1k)
Pennsylvania State University-Penn State Lehigh Valley,1,902.0,15180.0,25118.0,0.1736,19500,63435.0,19500.0,9938.0,Small (<1k)
Pennsylvania State University-Penn State Altoona,1,2412.0,15944.0,26668.0,0.1784,19500,63435.0,19500.0,10724.0,Medium (1k–4.9k)
Pennsylvania State University-Penn State Beaver,1,491.0,14380.0,23872.0,0.212,19500,63435.0,19500.0,9492.0,Small (<1k)
Pennsylvania State University-Penn State Berks,1,1887.0,15944.0,26668.0,0.2441,19500,63435.0,19500.0,10724.0,Medium (1k–4.9k)
Pennsylvania State University-Penn State Harrisburg,1,4154.0,15944.0,26668.0,0.2926,19500,63435.0,19500.0,10724.0,Medium (1k–4.9k)
Pennsylvania State University-Penn State Brandywine,1,1218.0,15180.0,25118.0,0.2133,19500,63435.0,19500.0,9938.0,Medium (1k–4.9k)
Pennsylvania State University-Penn State DuBois,1,316.0,14380.0,23872.0,0.2901,19500,63435.0,19500.0,9492.0,Small (<1k)
Pennsylvania State University-Penn State Fayette- Eberly,1,415.0,14380.0,23872.0,0.3352,19500,63435.0,19500.0,9492.0,Small (<1k)
Pennsylvania State University-Penn State Hazleton,1,508.0,15180.0,25118.0,0.1791,19500,63435.0,19500.0,9938.0,Small (<1k)
Pennsylvania State University-Penn State Greater Allegheny,1,360.0,14380.0,23872.0,0.2743,19500,63435.0,19500.0,9492.0,Small (<1k)
Pennsylvania State University-Penn State Mont Alto,1,547.0,14380.0,23872.0,0.2512,19500,63435.0,19500.0,9492.0,Small (<1k)
Pennsylvania State University-Penn State Abington,1,3074.0,15240.0,25388.0,0.2222,19500,63435.0,19500.0,10148.0,Medium (1k–4.9k)
Pennsylvania State University-Penn State Schuylkill,1,617.0,15180.0,25118.0,0.2069,19500,63435.0,19500.0,9938.0,Small (<1k)
Pennsylvania State University-Penn State York,1,668.0,15180.0,25118.0,0.1143,19500,63435.0,19500.0,9938.0,Small (<1k)
Peirce College,2,789.0,15060.0,15060.0,0.0526,21875,50660.0,21875.0,0.0,Small (<1k)
Pennsylvania Academy of the Fine Arts,2,99.0,44600.0,44600.0,0.6757,19500,29881.0,19500.0,0.0,Small (<1k)
Pennsylvania College of Art and Design,2,312.0,31370.0,31370.0,0.6377,23980,33301.0,23980.0,0.0,Small (<1k)
University of the Arts,2,1064.0,54290.0,54290.0,0.6919,23250,38252.0,23250.0,0.0,Medium (1k–4.9k)
Cairn University-Langhorne,2,782.0,32625.0,32625.0,0.6516,17063,44172.0,17063.0,0.0,Small (<1k)
University of Pittsburgh-Bradford,1,980.0,14620.0,26494.0,0.4344,20500,66125.0,20500.0,11874.0,Small (<1k)
University of Pittsburgh-Greensburg,1,1322.0,14630.0,26504.0,0.3963,20500,66125.0,20500.0,11874.0,Medium (1k–4.9k)
University of Pittsburgh-Johnstown,1,1934.0,14646.0,26520.0,0.5345,20500,66125.0,20500.0,11874.0,Medium (1k–4.9k)
University of Pittsburgh-Pittsburgh Campus,1,20189.0,21524.0,39890.0,0.8434,20500,66125.0,20500.0,18366.0,Very Large (15k+)
Pittsburgh Technical College,2,822.0,18980.0,18980.0,0.5309,13166,40770.0,13166.0,0.0,Small (<1k)
Point Park University,2,2320.0,38160.0,38160.0,0.5956,20957,45856.0,20957.0,0.0,Medium (1k–4.9k)
Walnut Hill College,3,127.0,23550.0,23550.0,0.6,12000,36689.0,12000.0,0.0,Small (<1k)
Robert Morris University,2,2866.0,34940.0,34940.0,0.6555,23250,62105.0,23250.0,0.0,Medium (1k–4.9k)
Rosemont College,2,466.0,22171.0,22171.0,0.4348,27000,48555.0,27000.0,0.0,Small (<1k)
Saint Francis University,2,1525.0,41720.0,41720.0,0.7275,27000,62101.0,27000.0,0.0,Medium (1k–4.9k)
Saint Joseph's University - Philadelphia,2,4742.0,51340.0,51340.0,0.7983,21500,86881.0,21500.0,0.0,Medium (1k–4.9k)
Saint Vincent College,2,1264.0,41100.0,41100.0,0.7215,23250,59982.0,23250.0,0.0,Medium (1k–4.9k)
University of Scranton,2,3589.0,52309.0,52309.0,0.808,25500,74652.0,25500.0,0.0,Medium (1k–4.9k)
Seton Hill University,2,1581.0,41414.0,41414.0,0.7099,23000,51748.0,23000.0,0.0,Medium (1k–4.9k)
Shippensburg University of Pennsylvania,1,4179.0,13544.0,15798.0,0.5161,16192,56351.0,16192.0,2254.0,Medium (1k–4.9k)
Slippery Rock University of Pennsylvania,1,6728.0,10507.0,14615.0,0.6591,19500,53032.0,19500.0,4108.0,Large (5k–14.9k)
Saint Charles Borromeo Seminary-Overbrook,2,41.0,25023.0,25023.0,0.4444,13000,55225.0,13000.0,0.0,Small (<1k)
Susquehanna University,2,2120.0,57400.0,57400.0,0.7409,27000,61723.0,27000.0,0.0,Medium (1k–4.9k)
Swarthmore College,2,1627.0,62412.0,62412.0,0.9413,13000,80257.0,13000.0,0.0,Medium (1k–4.9k)
Temple University,1,21249.0,22082.0,37462.0,0.7468,19750,63727.0,19750.0,15380.0,Very Large (15k+)
Thiel College,2,773.0,36864.0,36864.0,0.4355,18250,49714.0,18250.0,0.0,Small (<1k)
Thomas Jefferson University,2,3708.0,45683.0,45683.0,0.6819,12500,77449.0,12500.0,0.0,Medium (1k–4.9k)
Ursinus College,2,1477.0,59196.0,59196.0,0.7662,26000,73721.0,26000.0,0.0,Medium (1k–4.9k)
University of Valley Forge,2,471.0,24510.0,24510.0,0.5612,20166,39016.0,20166.0,0.0,Small (<1k)
Washington & Jefferson College,2,1154.0,28185.0,28185.0,0.7139,26000,67918.0,26000.0,0.0,Medium (1k–4.9k)
Waynesburg University,2,1081.0,29460.0,29460.0,0.605,21500,58537.0,21500.0,0.0,Medium (1k–4.9k)
West Chester University of Pennsylvania,1,14067.0,10687.0,22511.0,0.698,18750,61258.0,18750.0,11824.0,Large (5k–14.9k)
Westminster College,2,1051.0,39470.0,39470.0,0.6586,22825,53861.0,22825.0,0.0,Medium (1k–4.9k)
Widener University,2,2765.0,53638.0,53638.0,0.6351,24567,70920.0,24567.0,0.0,Medium (1k–4.9k)
Wilkes University,2,1893.0,42286.0,42286.0,0.6034,20500,63454.0,20500.0,0.0,Medium (1k–4.9k)
Wilson College,2,745.0,27000.0,27000.0,0.5183,19500,43326.0,19500.0,0.0,Small (<1k)
York College of Pennsylvania,2,3187.0,24606.0,24606.0,0.5974,19500,61012.0,19500.0,0.0,Medium (1k–4.9k)
Bryant University,2,3236.0,51169.0,51169.0,0.8061,23250,90008.0,23250.0,0.0,Medium (1k–4.9k)
Johnson & Wales University-Providence,2,3913.0,40408.0,40408.0,0.5488,16334,43418.0,16334.0,0.0,Medium (1k–4.9k)
New England Institute of Technology,2,1712.0,35625.0,35625.0,0.5747,12000,48684.0,12000.0,0.0,Medium (1k–4.9k)
Providence College,2,4170.0,60848.0,60848.0,0.8785,27000,87054.0,27000.0,0.0,Medium (1k–4.9k)
Rhode Island College,1,4630.0,10986.0,26519.0,0.4618,13833,56318.0,13833.0,15533.0,Medium (1k–4.9k)
University of Rhode Island,1,13822.0,16408.0,35804.0,0.7103,17750,69743.0,17750.0,19396.0,Large (5k–14.9k)
Rhode Island School of Design,2,2090.0,59760.0,59760.0,0.8847,23250,68140.0,23250.0,0.0,Medium (1k–4.9k)
Roger Williams University,2,3957.0,42666.0,42666.0,0.6661,19500,70266.0,19500.0,0.0,Medium (1k–4.9k)
Salve Regina University,2,2102.0,47930.0,47930.0,0.7492,27000,72975.0,27000.0,0.0,Medium (1k–4.9k)
Northpoint Bible College,2,89.0,14160.0,14160.0,0.5085,16657,42210.0,16657.0,0.0,Small (<1k)
Allen University,2,635.0,14304.0,14304.0,0.1323,12000,30497.0,12000.0,0.0,Small (<1k)
Anderson University,2,3080.0,33580.0,33580.0,0.7099,22000,42101.0,22000.0,0.0,Medium (1k–4.9k)
Charleston Southern University,2,2716.0,31030.0,31030.0,0.4858,18250,45898.0,18250.0,0.0,Medium (1k–4.9k)
Benedict College,2,1573.0,18000.0,18000.0,0.2115,16000,31902.0,16000.0,0.0,Medium (1k–4.9k)
Bob Jones University,2,2209.0,23400.0,23400.0,0.6961,12453,44354.0,12453.0,0.0,Medium (1k–4.9k)
Southern Wesleyan University,2,771.0,27870.0,27870.0,0.5202,19500,47756.0,19500.0,0.0,Small (<1k)
College of Charleston,1,10366.0,12978.0,36858.0,0.6498,17500,56416.0,17500.0,23880.0,Large (5k–14.9k)
Citadel Military College of South Carolina,1,2624.0,12570.0,37370.0,0.7282,18000,72085.0,18000.0,24800.0,Medium (1k–4.9k)
Claflin University,2,1727.0,17046.0,17046.0,0.4913,22049,40304.0,22049.0,0.0,Medium (1k–4.9k)
Clemson University,1,22778.0,15554.0,39498.0,0.879,19000,71513.0,19000.0,23944.0,Very Large (15k+)
Clinton College,2,94.0,10516.0,10516.0,0.1111,12000,30180.0,12000.0,0.0,Small (<1k)
Coker University,2,807.0,31854.0,31854.0,0.3462,15000,40117.0,15000.0,0.0,Small (<1k)
Columbia International University,2,690.0,27900.0,27900.0,0.6552,10500,38951.0,10500.0,0.0,Small (<1k)
Columbia College,2,1245.0,21450.0,21450.0,0.5346,14750,41338.0,14750.0,0.0,Medium (1k–4.9k)
Converse University,2,845.0,23096.0,23096.0,0.471,22500,40867.0,22500.0,0.0,Small (<1k)
Erskine College,2,821.0,36710.0,36710.0,0.4859,9500,53459.0,9500.0,0.0,Small (<1k)
Francis Marion University,1,2640.0,11160.0,21544.0,0.4273,15617,43888.0,15617.0,10384.0,Medium (1k–4.9k)
Furman University,2,2322.0,58312.0,58312.0,0.8149,19500,68635.0,19500.0,0.0,Medium (1k–4.9k)
Greenville Technical College,1,8171.0,5639.0,10657.0,0.1759,8604,39473.0,8604.0,5018.0,Large (5k–14.9k)
Lander University,1,3384.0,11700.0,21300.0,0.4876,12503,42396.0,12503.0,9600.0,Medium (1k–4.9k)
Limestone University,2,1528.0,27500.0,27500.0,0.2757,18750,44999.0,18750.0,0.0,Medium (1k–4.9k)
Morris College,2,421.0,16224.0,16224.0,0.2043,14750,30614.0,14750.0,0.0,Small (<1k)
Newberry College,2,1462.0,30050.0,30050.0,0.4438,15750,48040.0,15750.0,0.0,Medium (1k–4.9k)
North Greenville University,2,1719.0,24650.0,24650.0,0.5491,15000,43035.0,15000.0,0.0,Medium (1k–4.9k)
Presbyterian College,2,862.0,43300.0,43300.0,0.619,13000,60194.0,13000.0,0.0,Small (<1k)
University of South Carolina Aiken,1,2805.0,10760.0,21218.0,0.4011,13000,45603.0,13000.0,10458.0,Medium (1k–4.9k)
University of South Carolina Beaufort,1,1958.0,10730.0,21776.0,0.3859,13750,48088.0,13750.0,11046.0,Medium (1k–4.9k)
University of South Carolina-Columbia,1,28113.0,12688.0,34934.0,0.7775,18500,62177.0,18500.0,22246.0,Very Large (15k+)
Coastal Carolina University,1,9909.0,11640.0,29628.0,0.5084,16979,47258.0,16979.0,17988.0,Large (5k–14.9k)
South Carolina State University,1,2757.0,11060.0,21750.0,0.2941,20900,38262.0,20900.0,10690.0,Medium (1k–4.9k)
University of South Carolina-Upstate,1,4008.0,11583.0,22545.0,0.4242,15000,48587.0,15000.0,10962.0,Medium (1k–4.9k)
Spartanburg Methodist College,2,1029.0,19350.0,19350.0,0.3833,7500,42895.0,7500.0,0.0,Medium (1k–4.9k)
Voorhees University,2,460.0,12630.0,12630.0,0.3779,15245,35339.0,15245.0,0.0,Small (<1k)
Winthrop University,1,3424.0,15956.0,30286.0,0.6122,19000,47185.0,19000.0,14330.0,Medium (1k–4.9k)
Wofford College,2,1873.0,54100.0,54100.0,0.8075,20500,68964.0,20500.0,0.0,Medium (1k–4.9k)
Augustana University,2,1818.0,39190.0,39190.0,0.7563,21250,59217.0,21250.0,0.0,Medium (1k–4.9k)
Black Hills State University,1,1935.0,9000.0,12100.0,0.3858,15000,46674.0,15000.0,3100.0,Medium (1k–4.9k)
Dakota State University,1,1969.0,9633.0,12735.0,0.493,14250,50970.0,14250.0,3102.0,Medium (1k–4.9k)
Dakota Wesleyan University,2,661.0,32890.0,32890.0,0.4643,19500,53728.0,19500.0,0.0,Small (<1k)
Mount Marty University,2,702.0,33100.0,33100.0,0.6055,14750,48179.0,14750.0,0.0,Small (<1k)
National American University-Rapid City,3,832.0,16065.0,16065.0,0.6,20120,37325.0,20120.0,0.0,Small (<1k)
Northern State University,1,1239.0,8845.0,11947.0,0.5224,15750,47618.0,15750.0,3102.0,Medium (1k–4.9k)
Oglala Lakota College,1,1156.0,2684.0,2684.0,0.1146,PS,22517.0,,0.0,Medium (1k–4.9k)
South Dakota School of Mines and Technology,1,2042.0,10400.0,14800.0,0.5817,17306,72257.0,17306.0,4400.0,Medium (1k–4.9k)
South Dakota State University,1,8798.0,9299.0,12809.0,0.5964,16246,55070.0,16246.0,3510.0,Large (5k–14.9k)
Sinte Gleska University,1,579.0,4714.0,4714.0,0.0,PS,20948.0,,0.0,Small (<1k)
University of Sioux Falls,2,1258.0,20740.0,20740.0,0.6051,16141,54521.0,16141.0,0.0,Medium (1k–4.9k)
Sisseton Wahpeton College,1,209.0,4330.0,4330.0,0.1296,PS,31546.0,,0.0,Small (<1k)
University of South Dakota,1,5239.0,9432.0,12942.0,0.6143,17500,51926.0,17500.0,3510.0,Large (5k–14.9k)
American Baptist College,2,48.0,12474.0,12474.0,0.3333,19000,41216.0,19000.0,0.0,Small (<1k)
Austin Peay State University,1,7365.0,8675.0,14219.0,0.445,13202,44301.0,13202.0,5544.0,Large (5k–14.9k)
Baptist Health Sciences University,2,673.0,13846.0,13846.0,0.5375,16170,72529.0,16170.0,0.0,Small (<1k)
Belmont University,2,7306.0,41320.0,41320.0,0.717,17500,55930.0,17500.0,0.0,Large (5k–14.9k)
Bethel University,2,1671.0,18168.0,18168.0,0.349,16750,47482.0,16750.0,0.0,Medium (1k–4.9k)
Bryan College-Dayton,2,815.0,18900.0,18900.0,0.5593,13000,54434.0,13000.0,0.0,Small (<1k)
Carson-Newman University,2,1374.0,34700.0,34700.0,0.4645,14519,48382.0,14519.0,0.0,Medium (1k–4.9k)
Christian Brothers University,2,953.0,37300.0,37300.0,0.5599,17589,57478.0,17589.0,0.0,Small (<1k)
Cumberland University,2,2053.0,27840.0,27840.0,0.4698,11250,57687.0,11250.0,0.0,Medium (1k–4.9k)
Lipscomb University,2,3021.0,38824.0,38824.0,0.687,15350,55541.0,15350.0,0.0,Medium (1k–4.9k)
East Tennessee State University,1,9807.0,9950.0,13790.0,0.4988,14400,44859.0,14400.0,3840.0,Large (5k–14.9k)
Fisk University,2,950.0,24298.0,24298.0,0.4351,14250,45454.0,14250.0,0.0,Small (<1k)
Welch College,2,261.0,20796.0,20796.0,0.6143,11375,42198.0,11375.0,0.0,Small (<1k)
Freed-Hardeman University,2,1244.0,25000.0,25000.0,0.6837,16750,47485.0,16750.0,0.0,Medium (1k–4.9k)
Johnson University,2,703.0,20318.0,20318.0,0.6216,13500,40596.0,13500.0,0.0,Small (<1k)
King University,2,975.0,34800.0,34800.0,0.4643,18000,59831.0,18000.0,0.0,Small (<1k)
South College,3,6323.0,17935.0,17935.0,0.367,9500,36642.0,9500.0,0.0,Large (5k–14.9k)
Lane College,2,822.0,11790.0,11790.0,0.1703,16750,31670.0,16750.0,0.0,Small (<1k)
Le Moyne-Owen College,2,571.0,12076.0,12076.0,0.247,17000,35594.0,17000.0,0.0,Small (<1k)
Lee University,2,2712.0,22690.0,22690.0,0.6067,19500,43222.0,19500.0,0.0,Medium (1k–4.9k)
Lincoln Memorial University,2,1487.0,26150.0,26150.0,0.5392,15337,49956.0,15337.0,0.0,Medium (1k–4.9k)
The University of Tennessee Southern,1,827.0,10506.0,10506.0,0.3566,11175,38924.0,11175.0,0.0,Small (<1k)
Maryville College,2,1028.0,38514.0,38514.0,0.4718,15000,49279.0,15000.0,0.0,Medium (1k–4.9k)
University of Memphis,1,13645.0,10344.0,14784.0,0.4942,15809,48458.0,15809.0,4440.0,Large (5k–14.9k)
Middle Tennessee State University,1,16115.0,9506.0,29042.0,0.54,14093,48541.0,14093.0,19536.0,Very Large (15k+)
Rhodes College,2,1931.0,54892.0,54892.0,0.8164,19349,66651.0,19349.0,0.0,Medium (1k–4.9k)
The University of the South,2,1598.0,53698.0,53698.0,0.8237,17750,64911.0,17750.0,0.0,Medium (1k–4.9k)
Southern Adventist University,2,2673.0,25590.0,25590.0,0.5143,18000,53723.0,18000.0,0.0,Medium (1k–4.9k)
Tennessee Wesleyan University,2,832.0,29264.0,29264.0,0.4363,14000,45989.0,14000.0,0.0,Small (<1k)
The University of Tennessee-Chattanooga,1,9878.0,10144.0,18208.0,0.5309,12000,51151.0,12000.0,8064.0,Large (5k–14.9k)
The University of Tennessee-Knoxville,1,28763.0,13484.0,31974.0,0.735,16000,60249.0,16000.0,18490.0,Very Large (15k+)
The University of Tennessee-Martin,1,4600.0,10208.0,16248.0,0.5483,12981,44213.0,12981.0,6040.0,Medium (1k–4.9k)
Tennessee State University,1,6498.0,8568.0,22284.0,0.3303,17500,42730.0,17500.0,13716.0,Large (5k–14.9k)
Tennessee Technological University,1,8495.0,10084.0,20116.0,0.5423,11000,48501.0,11000.0,10032.0,Large (5k–14.9k)
Trevecca Nazarene University,2,1697.0,29790.0,29790.0,0.5481,14750,49378.0,14750.0,0.0,Medium (1k–4.9k)
Tusculum University,2,903.0,28500.0,28500.0,0.3054,14250,44367.0,14250.0,0.0,Small (<1k)
Union University,2,1637.0,38450.0,38450.0,0.7092,16666,53990.0,16666.0,0.0,Medium (1k–4.9k)
Vanderbilt University,2,7143.0,63946.0,63946.0,0.9269,12913,91565.0,12913.0,0.0,Large (5k–14.9k)
Abilene Christian University,2,3129.0,42380.0,42380.0,0.6021,14750,55736.0,14750.0,0.0,Medium (1k–4.9k)
Angelo State University,1,5515.0,8319.0,18399.0,0.4073,12394,50116.0,12394.0,10080.0,Large (5k–14.9k)
Arlington Baptist University,2,268.0,19290.0,19290.0,0.0455,9500,44644.0,9500.0,0.0,Small (<1k)
Austin College,2,1125.0,46500.0,46500.0,0.6949,17500,61296.0,17500.0,0.0,Medium (1k–4.9k)
Austin Community College District,1,25969.0,2550.0,10590.0,0.18,6126,43177.0,6126.0,8040.0,Very Large (15k+)
Baylor University,2,15007.0,54844.0,54844.0,0.8016,19500,65793.0,19500.0,0.0,Very Large (15k+)
Remington College-Dallas Campus,2,208.0,23785.0,23785.0,0.3762,9500,31349.0,9500.0,0.0,Small (<1k)
Brazosport College,1,2827.0,2388.0,4711.0,0.3867,4250,45910.0,4250.0,2323.0,Medium (1k–4.9k)
Concordia University Texas,2,1388.0,36690.0,36690.0,0.4051,15134,60883.0,15134.0,0.0,Medium (1k–4.9k)
Texas A & M University-Corpus Christi,1,7804.0,9748.0,21033.0,0.3374,15273,51865.0,15273.0,11285.0,Large (5k–14.9k)
Dallas Baptist University,2,2526.0,38140.0,38140.0,0.6041,16000,56807.0,16000.0,0.0,Medium (1k–4.9k)
Dallas Christian College,2,272.0,20260.0,20260.0,0.2391,15000,43503.0,15000.0,0.0,Small (<1k)
University of Dallas,2,1403.0,50880.0,50880.0,0.6802,18478,58285.0,18478.0,0.0,Medium (1k–4.9k)
Del Mar College,1,9038.0,3440.0,6050.0,0.128,3500,38656.0,3500.0,2610.0,Large (5k–14.9k)
East Texas Baptist University,2,1364.0,30050.0,30050.0,0.4797,15030,52788.0,15030.0,0.0,Medium (1k–4.9k)
Texas A&M University-Texarkana,1,1748.0,7930.0,20947.0,0.312,12500,45515.0,12500.0,13017.0,Medium (1k–4.9k)
East Texas A&M University,1,8249.0,10026.0,22626.0,0.4593,14250,50296.0,14250.0,12600.0,Large (5k–14.9k)
Galveston College,1,1524.0,2546.0,5726.0,0.3235,7250,37233.0,7250.0,3180.0,Medium (1k–4.9k)
Grayson College,1,2890.0,2910.0,5850.0,0.2007,7500,40873.0,7500.0,2940.0,Medium (1k–4.9k)
Hardin-Simmons University,2,1275.0,31686.0,31686.0,0.4956,13359,54771.0,13359.0,0.0,Medium (1k–4.9k)
Trinity Valley Community College,1,4793.0,2640.0,5970.0,0.2395,6707,38567.0,6707.0,3330.0,Medium (1k–4.9k)
Houston Christian University,2,2777.0,38100.0,38100.0,0.498,11000,55933.0,11000.0,0.0,Medium (1k–4.9k)
University of Houston-Clear Lake,1,6082.0,7746.0,21330.0,0.5085,13548,59004.0,13548.0,13584.0,Large (5k–14.9k)
University of Houston-Downtown,1,12812.0,7708.0,17788.0,0.3376,13750,53551.0,13750.0,10080.0,Large (5k–14.9k)
University of Houston-Victoria,1,2630.0,7499.0,17291.0,0.2652,13565,54467.0,13565.0,9792.0,Medium (1k–4.9k)
Howard Payne University,2,716.0,33322.0,33322.0,0.3112,11892,48376.0,11892.0,0.0,Small (<1k)
Huston-Tillotson University,2,982.0,14703.0,14703.0,0.3607,15999,42937.0,15999.0,0.0,Small (<1k)
University of the Incarnate Word,2,4545.0,35660.0,35660.0,0.5184,21231,56733.0,21231.0,0.0,Medium (1k–4.9k)
Jarvis Christian University,2,730.0,11720.0,11720.0,0.1508,12000,32992.0,12000.0,0.0,Small (<1k)
Lamar University,1,7945.0,8690.0,18482.0,0.3718,12500,49652.0,12500.0,9792.0,Large (5k–14.9k)
Laredo College,1,5086.0,3300.0,5748.0,0.3054,2334,33934.0,2334.0,2448.0,Large (5k–14.9k)
Texas A & M International University,1,6502.0,7846.0,19382.0,0.4892,11000,48386.0,11000.0,11536.0,Large (5k–14.9k)
LeTourneau University,2,1510.0,35500.0,35500.0,0.6111,19000,57103.0,19000.0,0.0,Medium (1k–4.9k)
Lubbock Christian University,2,1210.0,27298.0,27298.0,0.4871,15750,53787.0,15750.0,0.0,Medium (1k–4.9k)
College of the Mainland,1,3342.0,1773.0,3873.0,0.2825,5156,39639.0,5156.0,2100.0,Medium (1k–4.9k)
University of Mary Hardin-Baylor,2,2959.0,33150.0,33150.0,0.534,15750,56132.0,15750.0,0.0,Medium (1k–4.9k)
McMurry University,2,1108.0,31372.0,31372.0,0.3862,19000,48779.0,19000.0,0.0,Medium (1k–4.9k)
Midland College,1,5020.0,3030.0,6030.0,0.1713,6300,43958.0,6300.0,3000.0,Large (5k–14.9k)
Midwestern State University,1,4043.0,10310.0,12260.0,0.4128,13051,55747.0,13051.0,1950.0,Medium (1k–4.9k)
Wade College,3,205.0,17692.0,17692.0,0.4545,14608,36657.0,14608.0,0.0,Small (<1k)
Navarro College,1,3959.0,3008.0,6578.0,0.2395,7926,38716.0,7926.0,3570.0,Medium (1k–4.9k)
Odessa College,1,4176.0,2640.0,4806.0,0.2794,6000,42026.0,6000.0,2166.0,Medium (1k–4.9k)
Our Lady of the Lake University,2,1110.0,31728.0,31728.0,0.4243,17084,48675.0,17084.0,0.0,Medium (1k–4.9k)
The University of Texas Rio Grande Valley,1,27026.0,9859.0,19939.0,0.4927,9593,49620.0,9593.0,10080.0,Very Large (15k+)
Paul Quinn College,2,600.0,13498.0,13498.0,0.381,11090,29288.0,11090.0,0.0,Small (<1k)
Prairie View A & M University,1,8527.0,11299.0,26874.0,0.4322,17500,45411.0,17500.0,15575.0,Large (5k–14.9k)
Rice University,2,4562.0,58128.0,58128.0,0.9569,9716,89718.0,9716.0,0.0,Medium (1k–4.9k)
Saint Edward's University,2,2729.0,51384.0,51384.0,0.6418,20000,58826.0,20000.0,0.0,Medium (1k–4.9k)
University of St Thomas,2,2826.0,33660.0,33660.0,0.6862,12548,59224.0,12548.0,0.0,Medium (1k–4.9k)
Sam Houston State University,1,18138.0,9228.0,19020.0,0.5507,16500,54211.0,16500.0,9792.0,Very Large (15k+)
San Antonio College,1,16067.0,3412.0,14422.0,0.2206,6500,39711.0,6500.0,11010.0,Very Large (15k+)
San Jacinto Community College,1,23071.0,1992.0,5352.0,0.3439,5750,43062.0,5750.0,3360.0,Very Large (15k+)
Schreiner University,2,1028.0,37396.0,37396.0,0.437,13500,52228.0,13500.0,0.0,Medium (1k–4.9k)
St. Mary's University,2,1911.0,36242.0,36242.0,0.5879,19500,56955.0,19500.0,0.0,Medium (1k–4.9k)
Southern Methodist University,2,7106.0,64460.0,64460.0,0.8325,15311,78354.0,15311.0,0.0,Large (5k–14.9k)
Nelson University,2,1366.0,18610.0,18610.0,0.3553,14750,46238.0,14750.0,0.0,Medium (1k–4.9k)
Southwestern University,2,1454.0,51058.0,51058.0,0.6934,19500,56878.0,19500.0,0.0,Medium (1k–4.9k)
Stephen F Austin State University,1,8746.0,10600.0,20680.0,0.5175,17750,49634.0,17750.0,10080.0,Large (5k–14.9k)
Southwestern Adventist University,2,574.0,24588.0,24588.0,0.4109,21500,52946.0,21500.0,0.0,Small (<1k)
Southwestern Christian College,2,128.0,12121.0,12121.0,0.4918,PS,32672.0,,0.0,Small (<1k)
Sul Ross State University,1,1378.0,7592.0,17384.0,0.2744,11000,41871.0,11000.0,9792.0,Medium (1k–4.9k)
Tarleton State University,1,12263.0,7878.0,17958.0,0.5123,13989,53040.0,13989.0,10080.0,Large (5k–14.9k)
Texas A&M University-Kingsville,1,4622.0,9892.0,26106.0,0.4559,15873,51450.0,15873.0,16214.0,Medium (1k–4.9k)
The University of Texas at Dallas,1,21317.0,14564.0,40064.0,0.7083,13750,68227.0,13750.0,25500.0,Very Large (15k+)
The University of Texas at El Paso,1,20547.0,9744.0,25512.0,0.4595,12573,50923.0,12573.0,15768.0,Very Large (15k+)
The University of Texas at Tyler,1,7009.0,9920.0,25198.0,0.4677,12500,57053.0,12500.0,15278.0,Large (5k–14.9k)
Texas Christian University,2,10919.0,57220.0,57220.0,0.8561,19000,68424.0,19000.0,0.0,Large (5k–14.9k)
Texas College,2,644.0,10008.0,10008.0,0.1069,19500,33752.0,19500.0,0.0,Small (<1k)
Texas Lutheran University,2,1260.0,34920.0,34920.0,0.5518,14315,53863.0,14315.0,0.0,Medium (1k–4.9k)
The University of Texas Permian Basin,1,4122.0,10904.0,23212.0,0.4298,12285,56073.0,12285.0,12308.0,Medium (1k–4.9k)
The University of Texas at San Antonio,1,29675.0,8991.0,21965.0,0.5119,15000,57131.0,15000.0,12974.0,Very Large (15k+)
Texas Southern University,1,6619.0,9173.0,21773.0,0.1989,16250,38924.0,16250.0,12600.0,Large (5k–14.9k)
Texas Wesleyan University,2,1671.0,37934.0,37934.0,0.3235,13992,54053.0,13992.0,0.0,Medium (1k–4.9k)
Texas Woman's University,1,8804.0,8648.0,18720.0,0.4421,14000,56544.0,14000.0,10072.0,Large (5k–14.9k)
Trinity University,2,2518.0,51352.0,51352.0,0.8193,19500,71668.0,19500.0,0.0,Medium (1k–4.9k)
Tyler Junior College,1,9065.0,3112.0,5752.0,0.2669,6500,38140.0,6500.0,2640.0,Large (5k–14.9k)
Wayland Baptist University,2,2090.0,23186.0,23186.0,0.1919,15467,51838.0,15467.0,0.0,Medium (1k–4.9k)
Weatherford College,1,3961.0,4560.0,9630.0,0.2283,6500,42397.0,6500.0,5070.0,Medium (1k–4.9k)
West Texas A & M University,1,6771.0,9101.0,10996.0,0.4731,12620,50741.0,12620.0,1895.0,Large (5k–14.9k)
Wiley University,2,636.0,12500.0,12500.0,0.2,16833,33159.0,16833.0,0.0,Small (<1k)
Brigham Young University-Hawaii,2,2812.0,6438.0,6438.0,0.5439,5500,52064.0,5500.0,0.0,Medium (1k–4.9k)
Utah Tech University,1,8320.0,6074.0,17644.0,0.3421,7191,44570.0,7191.0,11570.0,Large (5k–14.9k)
Eagle Gate College-Murray,3,252.0,16491.0,16491.0,0.5278,20000,37518.0,20000.0,0.0,Small (<1k)
Ensign College,2,5969.0,3888.0,3888.0,0.3109,3500,50630.0,3500.0,0.0,Large (5k–14.9k)
Snow College,1,3552.0,4564.0,14130.0,0.4665,4500,41022.0,4500.0,9566.0,Medium (1k–4.9k)
Southern Utah University,1,9533.0,6770.0,20586.0,0.5899,7751,50296.0,7751.0,13816.0,Large (5k–14.9k)
Utah State University,1,20342.0,9228.0,24802.0,0.5732,9500,54022.0,9500.0,15574.0,Very Large (15k+)
Utah Valley University,1,27481.0,6270.0,17830.0,0.4074,8899,55486.0,8899.0,11560.0,Very Large (15k+)
University of Utah,1,26041.0,9315.0,29837.0,0.6391,14000,67170.0,14000.0,20522.0,Very Large (15k+)
Weber State University,1,15619.0,6391.0,17084.0,0.4298,9666,56287.0,9666.0,10693.0,Very Large (15k+)
Westminster University,2,882.0,41416.0,41416.0,0.6936,18500,66215.0,18500.0,0.0,Small (<1k)
Bennington College,2,759.0,64644.0,64644.0,0.6667,19250,38289.0,19250.0,0.0,Small (<1k)
Champlain College,2,2870.0,45550.0,45550.0,0.6301,19500,58386.0,19500.0,0.0,Medium (1k–4.9k)
Goddard College,2,113.0,19568.0,19568.0,0.75,16750,25552.0,16750.0,0.0,Small (<1k)
Norwich University,2,2490.0,49600.0,49600.0,0.6103,17501,65575.0,17501.0,0.0,Medium (1k–4.9k)
Saint Michael's College,2,1157.0,50040.0,50040.0,0.6887,21500,61317.0,21500.0,0.0,Medium (1k–4.9k)
Sterling College,2,66.0,40760.0,40760.0,0.4286,13625,30573.0,13625.0,0.0,Small (<1k)
Vermont State University,1,3567.0,11400.0,21408.0,0.4894,11000,50331.0,11000.0,10008.0,Medium (1k–4.9k)
University of Vermont,1,11614.0,18890.0,43890.0,0.7856,17500,62472.0,17500.0,25000.0,Large (5k–14.9k)
Averett University,2,1162.0,38550.0,38550.0,0.4357,16750,51516.0,16750.0,0.0,Medium (1k–4.9k)
Bluefield University,2,683.0,29696.0,29696.0,0.2714,13000,48896.0,13000.0,0.0,Small (<1k)
Bridgewater College,2,1388.0,41350.0,41350.0,0.4944,17500,53453.0,17500.0,0.0,Medium (1k–4.9k)
William & Mary,1,6949.0,25040.0,49412.0,0.9101,15500,73490.0,15500.0,24372.0,Large (5k–14.9k)
Regent University,2,4282.0,20686.0,20686.0,0.5409,11000,44498.0,11000.0,0.0,Medium (1k–4.9k)
Christopher Newport University,1,4402.0,16351.0,30988.0,0.7508,19500,60509.0,19500.0,14637.0,Medium (1k–4.9k)
Bryant & Stratton College-Virginia Beach,2,1327.0,18457.0,18457.0,0.281,9500,32568.0,9500.0,0.0,Medium (1k–4.9k)
Emory & Henry University,2,1107.0,35280.0,35280.0,0.5375,18460,47385.0,18460.0,0.0,Medium (1k–4.9k)
Eastern Mennonite University,2,800.0,41860.0,41860.0,0.4709,16750,54869.0,16750.0,0.0,Small (<1k)
Ferrum College,2,745.0,38320.0,38320.0,0.2886,14250,44296.0,14250.0,0.0,Small (<1k)
George Mason University,1,27083.0,13815.0,39397.0,0.6932,15750,76343.0,15750.0,25582.0,Very Large (15k+)
Hampden-Sydney College,2,876.0,52388.0,52388.0,0.6527,19500,67640.0,19500.0,0.0,Small (<1k)
Hampton University,2,3254.0,29162.0,29162.0,0.5567,19500,59159.0,19500.0,0.0,Medium (1k–4.9k)
Hollins University,2,673.0,42260.0,42260.0,0.6968,22925,40075.0,22925.0,0.0,Small (<1k)
James Madison University,1,20497.0,13576.0,30790.0,0.8089,17272,69954.0,17272.0,17214.0,Very Large (15k+)
Longwood University,1,2957.0,15200.0,27410.0,0.616,19000,52347.0,19000.0,12210.0,Medium (1k–4.9k)
University of Lynchburg,2,1599.0,35540.0,35540.0,0.6162,22500,56380.0,22500.0,0.0,Medium (1k–4.9k)
Centra College,2,212.0,12263.0,12263.0,1.0,12000,60122.0,12000.0,0.0,Small (<1k)
Mary Baldwin University,2,1188.0,33157.0,33157.0,0.5566,12250,44427.0,12250.0,0.0,Medium (1k–4.9k)
University of Mary Washington,1,3504.0,14559.0,31479.0,0.6738,16250,60613.0,16250.0,16920.0,Medium (1k–4.9k)
Marymount University,2,1795.0,39050.0,39050.0,0.5789,20000,67516.0,20000.0,0.0,Medium (1k–4.9k)
American National University,3,643.0,10735.0,10735.0,0.2632,7567,26370.0,7567.0,0.0,Small (<1k)
Norfolk State University,1,5495.0,9910.0,21412.0,0.3267,17277,44666.0,17277.0,11502.0,Large (5k–14.9k)
Old Dominion University,1,17521.0,12262.0,32662.0,0.4435,16300,54914.0,16300.0,20400.0,Very Large (15k+)
Radford University,1,5609.0,12286.0,25185.0,0.4962,17500,53739.0,17500.0,12899.0,Large (5k–14.9k)
Randolph-Macon College,2,1489.0,48002.0,48002.0,0.746,22500,58448.0,22500.0,0.0,Medium (1k–4.9k)
Randolph College,2,520.0,29010.0,29010.0,0.5149,17455,53409.0,17455.0,0.0,Small (<1k)
University of Richmond,2,3002.0,62600.0,62600.0,0.8784,19000,76178.0,19000.0,0.0,Medium (1k–4.9k)
Riverside College of Health Careers,2,325.0,14875.0,14875.0,0.625,14250,66072.0,14250.0,0.0,Small (<1k)
Roanoke College,2,1801.0,36774.0,36774.0,0.6589,22313,58047.0,22313.0,0.0,Medium (1k–4.9k)
Shenandoah University,2,2127.0,36028.0,36028.0,0.7055,19500,58433.0,19500.0,0.0,Medium (1k–4.9k)
Southern Virginia University,2,967.0,20040.0,20040.0,0.3829,14250,50002.0,14250.0,0.0,Small (<1k)
Strayer University-Virginia,3,2010.0,13920.0,13920.0,0.1333,14000,40092.0,14000.0,0.0,Medium (1k–4.9k)
Sweet Briar College,2,463.0,25110.0,25110.0,0.481,21000,51943.0,21000.0,0.0,Small (<1k)
University of Virginia's College at Wise,1,1214.0,11656.0,32540.0,0.4981,10695,45325.0,10695.0,20884.0,Medium (1k–4.9k)
Virginia Polytechnic Institute and State University,1,30435.0,15478.0,36694.0,0.8628,19000,81698.0,19000.0,21216.0,Very Large (15k+)
Virginia Commonwealth University,1,20797.0,16458.0,39042.0,0.6538,17021,58128.0,17021.0,22584.0,Very Large (15k+)
University of Virginia-Main Campus,1,17315.0,20986.0,58014.0,0.953,15153,86863.0,15153.0,37028.0,Very Large (15k+)
Virginia Military Institute,1,1560.0,20484.0,51186.0,0.818,19000,77369.0,19000.0,30702.0,Medium (1k–4.9k)
Virginia University of Lynchburg,2,170.0,9248.0,9248.0,0.2609,9859,28396.0,9859.0,0.0,Small (<1k)
Virginia State University,1,4787.0,9755.0,22006.0,0.4072,17500,45543.0,17500.0,12251.0,Medium (1k–4.9k)
Virginia Union University,2,1153.0,14880.0,14880.0,0.4133,22500,38275.0,22500.0,0.0,Medium (1k–4.9k)
Virginia Wesleyan University,2,1243.0,36960.0,36960.0,0.4905,14000,50074.0,14000.0,0.0,Medium (1k–4.9k)
Washington and Lee University,2,1884.0,64525.0,64525.0,0.949,16617,94810.0,16617.0,0.0,Medium (1k–4.9k)
Bellevue College,1,6901.0,4305.0,10183.0,0.335,8282,56310.0,8282.0,5878.0,Large (5k–14.9k)
Bellingham Technical College,1,1523.0,4226.0,5555.0,0.4545,9500,49748.0,9500.0,1329.0,Medium (1k–4.9k)
Big Bend Community College,1,1281.0,4909.0,5443.0,0.3667,6832,43814.0,6832.0,534.0,Medium (1k–4.9k)
Central Washington University,1,8081.0,9192.0,26771.0,0.4985,13000,61580.0,13000.0,17579.0,Large (5k–14.9k)
Centralia College,1,1476.0,5109.0,5643.0,0.4582,PS,43140.0,,534.0,Medium (1k–4.9k)
City University of Seattle,2,1091.0,14589.0,14589.0,0.1667,14091,69460.0,14091.0,0.0,Medium (1k–4.9k)
Clark College,1,4699.0,4632.0,10380.0,0.3574,6666,42356.0,6666.0,5748.0,Medium (1k–4.9k)
Clover Park Technical College,1,2417.0,6634.0,6634.0,0.4066,9063,41787.0,9063.0,0.0,Medium (1k–4.9k)
Columbia Basin College,1,4226.0,6194.0,8239.0,0.2765,7506,46680.0,7506.0,2045.0,Medium (1k–4.9k)
Cornish College of the Arts,2,480.0,39913.0,39913.0,0.5198,20610,33696.0,20610.0,0.0,Small (<1k)
Eastern Washington University,1,6517.0,8353.0,25892.0,0.4721,14053,57897.0,14053.0,17539.0,Large (5k–14.9k)
Edmonds College,1,3354.0,4669.0,10553.0,0.3315,7442,48144.0,7442.0,5884.0,Medium (1k–4.9k)
Everett Community College,1,4378.0,4301.0,10180.0,0.3826,6148,45434.0,6148.0,5879.0,Medium (1k–4.9k)
The Evergreen State College,1,2042.0,8999.0,30980.0,0.4356,15000,45320.0,15000.0,21981.0,Medium (1k–4.9k)
Pierce College District,1,4487.0,4686.0,5211.0,0.3122,8532,47532.0,8532.0,525.0,Medium (1k–4.9k)
Gonzaga University,2,5098.0,53500.0,53500.0,0.8687,20500,78892.0,20500.0,0.0,Large (5k–14.9k)
Grays Harbor College,1,1058.0,4751.0,10629.0,0.3156,7665,40865.0,7665.0,5878.0,Medium (1k–4.9k)
Green River College,1,4573.0,4580.0,5105.0,0.4121,7125,50712.0,7125.0,525.0,Medium (1k–4.9k)
Heritage University,2,782.0,19920.0,19920.0,0.3981,11925,49416.0,11925.0,0.0,Small (<1k)
Highline College,1,3487.0,4623.0,5156.0,0.3862,6113,47869.0,6113.0,533.0,Medium (1k–4.9k)
Lake Washington Institute of Technology,1,2179.0,5156.0,11017.0,0.3985,10356,50669.0,10356.0,5861.0,Medium (1k–4.9k)
Lower Columbia College,1,1743.0,4346.0,5633.0,0.25,6487,40691.0,6487.0,1287.0,Medium (1k–4.9k)
North Seattle College,1,2792.0,5058.0,5547.0,0.3243,7000,47728.0,7000.0,489.0,Medium (1k–4.9k)
Northwest University,2,642.0,36035.0,36035.0,0.6349,15000,54914.0,15000.0,0.0,Small (<1k)
Olympic College,1,3263.0,4197.0,9740.0,0.3403,8000,43169.0,8000.0,5543.0,Medium (1k–4.9k)
Pacific Lutheran University,2,2350.0,50964.0,50964.0,0.7099,17074,66990.0,17074.0,0.0,Medium (1k–4.9k)
Peninsula College,1,1139.0,4586.0,5111.0,0.4063,9000,37078.0,9000.0,525.0,Medium (1k–4.9k)
University of Puget Sound,2,1631.0,59900.0,59900.0,0.6791,19250,69594.0,19250.0,0.0,Medium (1k–4.9k)
Renton Technical College,1,1539.0,6723.0,7257.0,0.55,6993,49782.0,6993.0,534.0,Medium (1k–4.9k)
Saint Martin's University,2,1254.0,44210.0,44210.0,0.5709,15625,62092.0,15625.0,0.0,Medium (1k–4.9k)
South Seattle College,1,1495.0,4865.0,5354.0,0.2625,5478,44486.0,5478.0,489.0,Medium (1k–4.9k)
Seattle Central College,1,3879.0,4865.0,5354.0,0.3141,8943,43307.0,8943.0,489.0,Medium (1k–4.9k)
Seattle Pacific University,2,2073.0,38814.0,38814.0,0.6215,16946,64506.0,16946.0,0.0,Medium (1k–4.9k)
Seattle University,2,4117.0,54285.0,54285.0,0.7331,16658,75272.0,16658.0,0.0,Medium (1k–4.9k)
Skagit Valley College,1,2581.0,5620.0,7561.0,0.336,8798,43505.0,8798.0,1941.0,Medium (1k–4.9k)
Spokane Community College,1,4114.0,4057.0,5494.0,0.3726,8625,41984.0,8625.0,1437.0,Medium (1k–4.9k)
Spokane Falls Community College,1,2881.0,4058.0,5494.0,0.3039,7645,38955.0,7645.0,1436.0,Medium (1k–4.9k)
Tacoma Community College,1,4248.0,4920.0,11030.0,0.3277,7718,47168.0,7718.0,6110.0,Medium (1k–4.9k)
Walla Walla Community College,1,2372.0,6513.0,7967.0,0.4746,9500,43526.0,9500.0,1454.0,Medium (1k–4.9k)
Walla Walla University,2,1214.0,33027.0,33027.0,0.6416,19306,61885.0,19306.0,0.0,Medium (1k–4.9k)
Washington State University,1,21583.0,12997.0,29073.0,0.6164,14853,68905.0,14853.0,16076.0,Very Large (15k+)
Wenatchee Valley College,1,1762.0,5118.0,5652.0,0.3955,7046,41127.0,7046.0,534.0,Medium (1k–4.9k)
Western Washington University,1,13574.0,9286.0,27853.0,0.6555,13500,62569.0,13500.0,18567.0,Large (5k–14.9k)
Whatcom Community College,1,2280.0,5146.0,11096.0,0.3643,8000,44092.0,8000.0,5950.0,Medium (1k–4.9k)
Whitman College,2,1523.0,61492.0,61492.0,0.8098,12000,67589.0,12000.0,0.0,Medium (1k–4.9k)
Whitworth University,2,1927.0,50920.0,50920.0,0.6839,18000,58561.0,18000.0,0.0,Medium (1k–4.9k)
Yakima Valley College,1,2539.0,5163.0,5697.0,0.3377,8834,43499.0,8834.0,534.0,Medium (1k–4.9k)
Appalachian Bible College,2,168.0,18230.0,18230.0,0.7561,6767,37467.0,6767.0,0.0,Small (<1k)
Bethany College,2,642.0,34816.0,34816.0,0.4625,23750,44512.0,23750.0,0.0,Small (<1k)
Bluefield State University,1,1231.0,10240.0,17560.0,0.3456,12038,38217.0,12038.0,7320.0,Medium (1k–4.9k)
University of Charleston,2,2083.0,32842.0,32842.0,0.4633,12666,55774.0,12666.0,0.0,Medium (1k–4.9k)
Concord University,1,1394.0,9700.0,20600.0,0.4225,11250,42703.0,11250.0,10900.0,Medium (1k–4.9k)
Davis & Elkins College,2,681.0,31270.0,31270.0,0.366,17057,43411.0,17057.0,0.0,Small (<1k)
Fairmont State University,1,2690.0,8454.0,18372.0,0.4832,12500,46857.0,12500.0,9918.0,Medium (1k–4.9k)
Glenville State University,1,1177.0,9412.0,11140.0,0.3549,11123,39315.0,11123.0,1728.0,Medium (1k–4.9k)
Marshall University,1,7149.0,8942.0,20294.0,0.4869,16750,46354.0,16750.0,11352.0,Large (5k–14.9k)
West Virginia University at Parkersburg,1,1692.0,4420.0,9124.0,0.3061,8250,35171.0,8250.0,4704.0,Medium (1k–4.9k)
Potomac State College of West Virginia University,1,952.0,5040.0,12624.0,0.2598,15500,55939.0,15500.0,7584.0,Small (<1k)
Salem University,3,695.0,10750.0,13750.0,0.273,7405,34642.0,7405.0,3000.0,Small (<1k)
Shepherd University,1,2375.0,8642.0,19082.0,0.4949,14297,49358.0,14297.0,10440.0,Medium (1k–4.9k)
West Virginia State University,1,1328.0,9049.0,14623.0,0.3351,15250,40492.0,15250.0,5574.0,Medium (1k–4.9k)
West Liberty University,1,1578.0,8732.0,17116.0,0.6062,16000,43296.0,16000.0,8384.0,Medium (1k–4.9k)
West Virginia University Institute of Technology,1,1009.0,8064.0,20120.0,0.3612,15500,55939.0,15500.0,12056.0,Medium (1k–4.9k)
West Virginia Wesleyan College,2,909.0,33494.0,33494.0,0.4945,15750,51593.0,15750.0,0.0,Small (<1k)
West Virginia Junior College-Morgantown,3,584.0,14313.0,14313.0,0.5904,8178,31912.0,8178.0,0.0,Small (<1k)
West Virginia University,1,17705.0,9648.0,27360.0,0.612,15500,55939.0,15500.0,17712.0,Very Large (15k+)
Wheeling University,2,567.0,29475.0,29475.0,0.3204,15375,57949.0,15375.0,0.0,Small (<1k)
Alverno College,2,724.0,32794.0,32794.0,0.5051,22000,53145.0,22000.0,0.0,Small (<1k)
Madison Area Technical College,1,9273.0,4780.0,7027.0,0.2626,8728,45413.0,8728.0,2247.0,Large (5k–14.9k)
Bellin College,2,338.0,28211.0,28211.0,0.7429,15000,76222.0,15000.0,0.0,Small (<1k)
Beloit College,2,898.0,58554.0,58554.0,0.6718,22773,53260.0,22773.0,0.0,Small (<1k)
Carroll University,2,2525.0,37230.0,37230.0,0.696,22000,58009.0,22000.0,0.0,Medium (1k–4.9k)
Carthage College,2,2628.0,36500.0,36500.0,0.6051,19500,56950.0,19500.0,0.0,Medium (1k–4.9k)
Concordia University-Wisconsin,2,2310.0,34250.0,34250.0,0.6431,19500,56075.0,19500.0,0.0,Medium (1k–4.9k)
Edgewood College,2,1104.0,34850.0,34850.0,0.6738,19000,59728.0,19000.0,0.0,Medium (1k–4.9k)
Lakeland University,2,1230.0,32286.0,32286.0,0.5575,19500,55961.0,19500.0,0.0,Medium (1k–4.9k)
Lawrence University,2,1394.0,55461.0,55461.0,0.7642,19500,55789.0,19500.0,0.0,Medium (1k–4.9k)
Maranatha Baptist University,2,566.0,20280.0,20280.0,0.6569,12375,45593.0,12375.0,0.0,Small (<1k)
Marian University,2,1050.0,33000.0,33000.0,0.4119,17340,53501.0,17340.0,0.0,Medium (1k–4.9k)
Marquette University,2,7238.0,48700.0,48700.0,0.8006,20500,78257.0,20500.0,0.0,Large (5k–14.9k)
Milwaukee Institute of Art & Design,2,883.0,42268.0,42268.0,0.6327,15750,41174.0,15750.0,0.0,Small (<1k)
Milwaukee School of Engineering,2,2607.0,48421.0,48421.0,0.7154,24500,89070.0,24500.0,0.0,Medium (1k–4.9k)
Mount Mary University,2,703.0,34390.0,34390.0,0.5887,19000,48745.0,19000.0,0.0,Small (<1k)
Northland College,2,457.0,42491.0,42491.0,0.4332,15500,44560.0,15500.0,0.0,Small (<1k)
Ripon College,2,720.0,50700.0,50700.0,0.5991,19500,54902.0,19500.0,0.0,Small (<1k)
Saint Norbert College,2,1749.0,44432.0,44432.0,0.7357,21500,58363.0,21500.0,0.0,Medium (1k–4.9k)
Viterbo University,2,1392.0,32350.0,32350.0,0.6516,19500,55660.0,19500.0,0.0,Medium (1k–4.9k)
University of Wisconsin-Whitewater,1,9180.0,8250.0,17916.0,0.643,16241,55356.0,16241.0,9666.0,Large (5k–14.9k)
University of Wisconsin-Eau Claire,1,8995.0,9277.0,18516.0,0.6756,13000,58561.0,13000.0,9239.0,Large (5k–14.9k)
University of Wisconsin-Green Bay,1,6230.0,8342.0,16929.0,0.5309,11250,52528.0,11250.0,8587.0,Large (5k–14.9k)
University of Wisconsin-La Crosse,1,9194.0,9651.0,18691.0,0.7119,18000,60378.0,18000.0,9040.0,Large (5k–14.9k)
Wisconsin Lutheran College,2,1009.0,35080.0,35080.0,0.6266,19500,54664.0,19500.0,0.0,Medium (1k–4.9k)
University of Wisconsin-Oshkosh,1,7613.0,8212.0,16125.0,0.5789,12500,55548.0,12500.0,7913.0,Large (5k–14.9k)
University of Wisconsin-Parkside,1,2951.0,7855.0,16497.0,0.3982,14000,51129.0,14000.0,8642.0,Medium (1k–4.9k)
Herzing University-Madison,2,2105.0,13420.0,13420.0,0.2759,11756,36909.0,11756.0,0.0,Medium (1k–4.9k)
University of Wisconsin-Stout,1,5900.0,10142.0,18706.0,0.5253,16000,58084.0,16000.0,8564.0,Large (5k–14.9k)
University of Wisconsin-Superior,1,1899.0,8487.0,16400.0,0.4412,14055,49606.0,14055.0,7913.0,Medium (1k–4.9k)
University of Wisconsin-Milwaukee,1,16762.0,10020.0,22020.0,0.5119,15250,54990.0,15250.0,12000.0,Very Large (15k+)
University of Wisconsin-Platteville,1,5928.0,8315.0,17274.0,0.6154,15000,61760.0,15000.0,8959.0,Large (5k–14.9k)
University of Wisconsin-River Falls,1,4152.0,8606.0,16887.0,0.6088,14865,54458.0,14865.0,8281.0,Medium (1k–4.9k)
University of Wisconsin-Stevens Point,1,7104.0,8834.0,17854.0,0.5596,14674,52021.0,14674.0,9020.0,Large (5k–14.9k)
Central Wyoming College,1,981.0,4680.0,10980.0,0.4043,5500,34402.0,5500.0,6300.0,Small (<1k)
Laramie County Community College,1,2563.0,4613.0,10913.0,0.3131,7015,44783.0,7015.0,6300.0,Medium (1k–4.9k)
Northwest College,1,826.0,4935.0,11235.0,0.4375,6500,36950.0,6500.0,6300.0,Small (<1k)
Western Wyoming Community College,1,1289.0,4250.0,10550.0,0.3333,4500,40939.0,4500.0,6300.0,Medium (1k–4.9k)
University of Wyoming,1,8047.0,6938.0,22718.0,0.5985,12000,56880.0,12000.0,15780.0,Large (5k–14.9k)
American Samoa Community College,1,884.0,5460.0,5760.0,0.4774,PS,30087.0,,300.0,Small (<1k)
Guam Community College,1,1263.0,3414.0,4614.0,0.224,PS,27820.0,,1200.0,Medium (1k–4.9k)
University of Guam,1,2573.0,6110.0,11414.0,0.4211,12500,35946.0,12500.0,5304.0,Medium (1k–4.9k)
Northern Marianas College,1,1236.0,4038.0,5520.0,0.4216,PS,27836.0,,1482.0,Medium (1k–4.9k)
Universidad Adventista de las Antillas,2,769.0,8050.0,8050.0,0.4603,11725,28465.0,11725.0,0.0,Small (<1k)
Atlantic University,2,1517.0,8280.0,8280.0,0.3574,4500,25272.0,4500.0,0.0,Medium (1k–4.9k)
Universidad Central de Bayamon,2,594.0,5986.0,5986.0,0.3789,7250,25021.0,7250.0,0.0,Small (<1k)
Columbia Central University-Caguas,3,2494.0,7314.0,7314.0,0.5386,5001,23134.0,5001.0,0.0,Medium (1k–4.9k)
Albizu University-San Juan,2,758.0,7797.0,7797.0,0.69,5000,41544.0,5000.0,0.0,Small (<1k)
Caribbean University-Bayamon,2,623.0,5966.0,5966.0,0.367,7000,22842.0,7000.0,0.0,Small (<1k)
Caribbean University-Carolina,2,113.0,5966.0,5966.0,0.44,7000,22842.0,7000.0,0.0,Small (<1k)
Pontifical Catholic University of Puerto Rico-Arecibo,2,273.0,6238.0,6238.0,0.3919,11337,24908.0,11337.0,0.0,Small (<1k)
Pontifical Catholic University of Puerto Rico-Ponce,2,3827.0,6340.0,6340.0,0.4794,11337,24908.0,11337.0,0.0,Medium (1k–4.9k)
CEM College-San Juan,3,178.0,12900.0,12900.0,0.2584,3700,21033.0,3700.0,0.0,Small (<1k)
Universidad Teologica del Caribe,2,192.0,6660.0,6660.0,0.2105,5750,23536.0,5750.0,0.0,Small (<1k)
Colegio Universitario de San Juan,1,542.0,2340.0,2340.0,0.3013,PS,26510.0,,0.0,Small (<1k)
Universidad Ana G. Mendez-Cupey Campus,2,4579.0,6920.0,6920.0,0.3111,10006,24490.0,10006.0,0.0,Medium (1k–4.9k)
Puerto Rico Conservatory of Music,1,295.0,3370.0,3370.0,0.5714,8750,19474.0,8750.0,0.0,Small (<1k)
EDP University of Puerto Rico Inc-San Sebastian,2,968.0,7050.0,14125.0,0.3727,10500,22844.0,10500.0,7075.0,Small (<1k)
Escuela de Artes Plasticas y Diseno de Puerto Rico,1,497.0,4902.0,8502.0,0.4493,PS,21790.0,,3600.0,Small (<1k)
Huertas College,3,460.0,8520.0,8520.0,0.5811,6625,22927.0,6625.0,0.0,Small (<1k)
Humacao Community College,2,207.0,6560.0,6560.0,0.5493,PS,20064.0,,0.0,Small (<1k)
Inter American University of Puerto Rico-San German,2,2641.0,5580.0,5580.0,0.4272,7000,25416.0,7000.0,0.0,Medium (1k–4.9k)
Inter American University of Puerto Rico-Aguadilla,2,3002.0,5542.0,5542.0,0.3871,5500,24776.0,5500.0,0.0,Medium (1k–4.9k)
Inter American University of Puerto Rico-Arecibo,2,2275.0,5580.0,5580.0,0.3537,6750,24539.0,6750.0,0.0,Medium (1k–4.9k)
Inter American University of Puerto Rico-Barranquitas,2,919.0,5542.0,5542.0,0.3837,3500,23204.0,3500.0,0.0,Small (<1k)
Inter American University of Puerto Rico-Metro,2,2692.0,5580.0,5580.0,0.316,8666,30821.0,8666.0,0.0,Medium (1k–4.9k)
Inter American University of Puerto Rico-Ponce,2,2602.0,5580.0,5580.0,0.4311,4850,26721.0,4850.0,0.0,Medium (1k–4.9k)
Inter American University of Puerto Rico-Fajardo,2,1149.0,5580.0,5580.0,0.3285,5500,23132.0,5500.0,0.0,Medium (1k–4.9k)
Inter American University of Puerto Rico-Guayama,2,1661.0,5580.0,5580.0,0.3936,6775,25827.0,6775.0,0.0,Medium (1k–4.9k)
Inter American University of Puerto Rico-Bayamon,2,3453.0,5580.0,5580.0,0.3301,5500,29936.0,5500.0,0.0,Medium (1k–4.9k)
NUC University,3,25881.0,8054.0,9884.0,0.5618,9500,24785.0,9500.0,1830.0,Very Large (15k+)
University of Puerto Rico-Aguadilla,1,1847.0,5954.0,5954.0,0.4766,5500,27997.0,5500.0,0.0,Medium (1k–4.9k)
University of Puerto Rico-Arecibo,1,2788.0,5324.0,5324.0,0.5068,4500,30512.0,4500.0,0.0,Medium (1k–4.9k)
University of Puerto Rico-Bayamon,1,2967.0,6284.0,6284.0,0.3141,5500,34409.0,5500.0,0.0,Medium (1k–4.9k)
University of Puerto Rico-Carolina,1,2367.0,7986.0,7986.0,0.4023,4500,30626.0,4500.0,0.0,Medium (1k–4.9k)
University of Puerto Rico at Cayey,1,2201.0,5354.0,5354.0,0.4861,5000,30958.0,5000.0,0.0,Medium (1k–4.9k)
University of Puerto Rico-Humacao,1,2555.0,5364.0,5364.0,0.5293,5500,29521.0,5500.0,0.0,Medium (1k–4.9k)
University of Puerto Rico-Utuado,1,310.0,5354.0,5354.0,0.2457,3500,23906.0,3500.0,0.0,Small (<1k)
University of Puerto Rico-Mayaguez,1,9564.0,5274.0,5274.0,0.4696,8000,48992.0,8000.0,0.0,Large (5k–14.9k)
University of Puerto Rico at Ponce,1,2276.0,5354.0,5354.0,0.5058,5500,31394.0,5500.0,0.0,Medium (1k–4.9k)
University of Puerto Rico-Rio Piedras,1,8748.0,5324.0,5324.0,0.5248,5500,35723.0,5500.0,0.0,Large (5k–14.9k)
Universidad Ana G. Mendez-Carolina Campus,2,4383.0,6920.0,6920.0,0.3641,10000,24328.0,10000.0,0.0,Medium (1k–4.9k)
Universidad del Sagrado Corazon,2,4042.0,6360.0,6360.0,0.436,11250,31754.0,11250.0,0.0,Medium (1k–4.9k)
Universidad Central Del Caribe,2,90.0,6442.0,6602.0,0.5909,7050,31468.0,7050.0,160.0,Small (<1k)
Universidad Politecnica de Puerto Rico,2,3791.0,9810.0,9810.0,0.2356,12830,47540.0,12830.0,0.0,Medium (1k–4.9k)
Pontifical Catholic University of Puerto Rico-Mayaguez,2,597.0,6238.0,6238.0,0.4211,11337,24908.0,11337.0,0.0,Small (<1k)
Universidad Ana G. Mendez-Gurabo Campus,2,7666.0,6920.0,6920.0,0.3021,9000,26223.0,9000.0,0.0,Large (5k–14.9k)
College of Micronesia-FSM,1,1740.0,5050.0,5050.0,0.2947,PS,24651.0,,0.0,Medium (1k–4.9k)
University of the Virgin Islands,1,1431.0,5612.0,15521.0,0.2857,9500,38681.0,9500.0,9909.0,Medium (1k–4.9k)
Parker University,2,494.0,17457.0,17457.0,0.7179,9500,42091.0,9500.0,0.0,Small (<1k)
EDP University of Puerto Rico Inc-San Juan,2,1258.0,7050.0,14125.0,0.2362,10500,22844.0,10500.0,7075.0,Medium (1k–4.9k)
City College-Hollywood,3,275.0,18615.0,18615.0,0.8333,15285,34938.0,15285.0,0.0,Small (<1k)
St. John's College,2,369.0,38946.0,38946.0,0.6,13500,44985.0,13500.0,0.0,Small (<1k)
Mid-America Christian University,2,1532.0,19896.0,19896.0,0.3333,15444,46116.0,15444.0,0.0,Medium (1k–4.9k)
Beckfield College-Florence,3,612.0,13295.0,13295.0,0.303,13722,37114.0,13722.0,0.0,Small (<1k)
Landmark College,2,480.0,64290.0,64290.0,0.2651,8875,29813.0,8875.0,0.0,Small (<1k)
Collin County Community College District,1,25857.0,1864.0,5614.0,0.2181,4500,48701.0,4500.0,3750.0,Very Large (15k+)
ECPI University,3,11270.0,18484.0,18484.0,0.447,13915,42837.0,13915.0,0.0,Large (5k–14.9k)
South University-Columbia,3,445.0,18238.0,18238.0,0.0,13000,34421.0,13000.0,0.0,Small (<1k)
Lac Courte Oreilles Ojibwe University,1,205.0,6030.0,6030.0,0.1333,PS,24302.0,,0.0,Small (<1k)
Platt College-Los Angeles,3,598.0,14804.0,14804.0,0.6225,15215,40669.0,15215.0,0.0,Small (<1k)
Platt College-Aurora,3,215.0,20590.0,20590.0,0.2,33443,77602.0,33443.0,0.0,Small (<1k)
Northwestern College,3,464.0,18475.0,18475.0,0.3373,9569,37871.0,9569.0,0.0,Small (<1k)
University of Massachusetts Global,1,4902.0,12520.0,12520.0,0.0,18750,65703.0,18750.0,0.0,Medium (1k–4.9k)
New College of Florida,1,707.0,6916.0,29944.0,0.6181,12000,48082.0,12000.0,23028.0,Small (<1k)
Yeshivah Gedolah Rabbinical College,2,77.0,9300.0,9300.0,0.3636,PS,30667.0,,0.0,Small (<1k)
Caribbean University-Ponce,2,419.0,5966.0,5966.0,0.4167,7000,22842.0,7000.0,0.0,Small (<1k)
Caribbean University-Vega Baja,2,176.0,5966.0,5966.0,0.625,7000,22842.0,7000.0,0.0,Small (<1k)
University of Advancing Technology,3,892.0,19430.0,19430.0,0.3929,12000,50719.0,12000.0,0.0,Small (<1k)
Paradise Valley Community College,1,4076.0,2358.0,8958.0,0.1977,4500,47196.0,4500.0,6600.0,Medium (1k–4.9k)
South Florida Bible College and Theological Seminary,2,271.0,7380.0,7380.0,0.0,PS,45354.0,,0.0,Small (<1k)
Pennsylvania College of Technology,1,4254.0,17940.0,25680.0,0.5042,15250,52567.0,15250.0,7740.0,Medium (1k–4.9k)
Stone Child College,1,187.0,3610.0,3610.0,0.325,PS,24555.0,,0.0,Small (<1k)
California State University-San Marcos,1,14174.0,7739.0,19619.0,0.5418,13500,62908.0,13500.0,11880.0,Large (5k–14.9k)
Hodges University,2,171.0,15580.0,15580.0,0.2239,17600,37052.0,17600.0,0.0,Small (<1k)
Nossi College of Art and Design,3,278.0,20350.0,20350.0,0.3548,17708,35113.0,17708.0,0.0,Small (<1k)
Bryan University,3,150.0,15868.0,15868.0,0.275,16999,28725.0,16999.0,0.0,Small (<1k)
Yeshiva Gedolah Imrei Yosef D'spinka,2,232.0,11500.0,11500.0,0.6154,PS,36545.0,,0.0,Small (<1k)
CEM College-Humacao,3,174.0,12900.0,12900.0,0.44,3700,21033.0,3700.0,0.0,Small (<1k)
Northwest College of Art & Design,3,150.0,18100.0,18100.0,0.3636,29030,31167.0,29030.0,0.0,Small (<1k)
University of Washington-Bothell Campus,1,5228.0,12559.0,41913.0,0.6822,12375,78466.0,12375.0,29354.0,Large (5k–14.9k)
University of Washington-Tacoma Campus,1,3989.0,12817.0,42171.0,0.6226,12375,78466.0,12375.0,29354.0,Medium (1k–4.9k)
Pacific College of Health and Science,3,173.0,10732.0,10732.0,0.6727,9500,26209.0,9500.0,0.0,Small (<1k)
Bay Mills Community College,1,531.0,3320.0,3320.0,0.3036,PS,30048.0,,0.0,Small (<1k)
Fond du Lac Tribal and Community College,1,457.0,5999.0,5999.0,0.2083,9500,45665.0,9500.0,0.0,Small (<1k)
Northwest Indian College,1,677.0,3969.0,3969.0,0.2692,PS,35447.0,,0.0,Small (<1k)
Provo College,3,704.0,16491.0,16491.0,0.6364,24262,39645.0,24262.0,0.0,Small (<1k)
Beacon College,2,497.0,49230.0,49230.0,0.5732,18500,29420.0,18500.0,0.0,Small (<1k)
University of the Potomac-Washington DC Campus,3,266.0,6660.0,6660.0,0.5,7500,34961.0,7500.0,0.0,Small (<1k)
Everglades University,2,2369.0,20768.0,20768.0,0.5775,18950,47597.0,18950.0,0.0,Medium (1k–4.9k)
Herzing University-Orlando,2,700.0,13420.0,13420.0,0.4545,11756,36909.0,11756.0,0.0,Small (<1k)
College of Biblical Studies-Houston,2,482.0,7475.0,9275.0,0.6,14750,39260.0,14750.0,1800.0,Small (<1k)
Southern California Institute of Technology,3,533.0,20515.0,20515.0,0.7944,10651,53598.0,10651.0,0.0,Small (<1k)
Soka University of America,2,464.0,37450.0,37450.0,0.8692,15250,55017.0,15250.0,0.0,Small (<1k)
Schiller International University,3,35.0,13680.0,13680.0,0.5,23224,35529.0,23224.0,0.0,Small (<1k)
Galen College of Nursing-Tampa Bay,3,1601.0,16400.0,16400.0,0.6449,16500,61480.0,16500.0,0.0,Medium (1k–4.9k)
Galen College of Nursing-San Antonio,3,3206.0,16400.0,16400.0,0.6809,16500,61480.0,16500.0,0.0,Medium (1k–4.9k)
Florida National University-Main Campus,3,2354.0,16088.0,16088.0,0.2811,16492,33928.0,16492.0,0.0,Medium (1k–4.9k)
South Texas College,1,16131.0,4920.0,7500.0,0.2758,PS,36788.0,,2580.0,Very Large (15k+)
California State University-Monterey Bay,1,5811.0,7437.0,19317.0,0.6323,11000,59247.0,11000.0,11880.0,Large (5k–14.9k)
Capella University,3,16173.0,14436.0,14436.0,0.3333,8814,42189.0,8814.0,0.0,Very Large (15k+)
College of Menominee Nation,2,199.0,6200.0,6200.0,0.275,PS,25853.0,,0.0,Small (<1k)
Pacific College of Health and Science,3,264.0,11234.0,11234.0,0.6774,9500,26209.0,9500.0,0.0,Small (<1k)
Trine University-Regional/Non-Traditional Campuses,2,273.0,9576.0,9576.0,1.0,18500,57165.0,18500.0,0.0,Small (<1k)
Southeast Missouri Hospital College of Nursing and Health Sciences,2,146.0,11691.0,11691.0,1.0,9860,60918.0,9860.0,0.0,Small (<1k)
Messenger College,2,26.0,11200.0,11200.0,0.5556,27000,29463.0,27000.0,0.0,Small (<1k)
New York College of Health Professions,2,32.0,14235.0,14235.0,0.5417,17644,31601.0,17644.0,0.0,Small (<1k)
Centura College-Chesapeake,3,225.0,16637.0,16637.0,0.6667,10054,25930.0,10054.0,0.0,Small (<1k)
Arizona College of Nursing-Tempe,3,1246.0,24853.0,24853.0,0.0909,9500,34657.0,9500.0,0.0,Medium (1k–4.9k)
Eastern International College-Jersey City,3,474.0,18947.0,18947.0,0.2545,18499,35008.0,18499.0,0.0,Small (<1k)
Embry-Riddle Aeronautical University-Worldwide,2,8786.0,11665.0,11665.0,0.2156,14250,84131.0,14250.0,0.0,Large (5k–14.9k)
Southeastern College-West Palm Beach,3,644.0,23584.0,23584.0,0.6667,12039,41200.0,12039.0,0.0,Small (<1k)
Strayer University-Maryland,3,1177.0,13920.0,13920.0,0.0,14000,40092.0,14000.0,0.0,Medium (1k–4.9k)
Platt College-Ontario,3,467.0,14804.0,14804.0,0.5729,15215,40669.0,15215.0,0.0,Small (<1k)
American University of Health Sciences,3,364.0,24575.0,24575.0,0.5,32484,93610.0,32484.0,0.0,Small (<1k)
Carolinas College of Health Sciences,1,409.0,19095.0,19095.0,1.0,9500,64624.0,9500.0,0.0,Small (<1k)
California Aeronautical University,3,383.0,35465.0,35465.0,0.4194,13354,38361.0,13354.0,0.0,Small (<1k)
Herzing University-New Orleans,2,361.0,13420.0,13420.0,0.2857,11756,36909.0,11756.0,0.0,Small (<1k)
Florida Gulf Coast University,1,13809.0,6118.0,25162.0,0.5602,11999,54560.0,11999.0,19044.0,Large (5k–14.9k)
Ilisagvik College,1,175.0,5260.0,5260.0,0.3571,PS,39541.0,,0.0,Small (<1k)
Dewey University-Carolina,2,356.0,7630.0,7630.0,0.6197,5000,19761.0,5000.0,0.0,Small (<1k)
International Baptist College and Seminary,2,55.0,13500.0,13500.0,0.4286,PS,39556.0,,0.0,Small (<1k)
University of Connecticut-Waterbury Campus,1,746.0,17462.0,40130.0,0.5948,18610,73997.0,18610.0,22668.0,Small (<1k)
University of Connecticut-Avery Point,1,464.0,17462.0,40130.0,0.5667,18610,73997.0,18610.0,22668.0,Small (<1k)
University of Connecticut-Stamford,1,2177.0,17472.0,40140.0,0.5686,18610,73997.0,18610.0,22668.0,Medium (1k–4.9k)
University of Management and Technology,3,322.0,9450.0,9450.0,1.0,8971,68530.0,8971.0,0.0,Small (<1k)
American InterContinental University-Atlanta,3,670.0,13416.0,13416.0,0.2105,9500,36144.0,9500.0,0.0,Small (<1k)
Cascadia College,1,970.0,4914.0,10864.0,0.4124,5215,54133.0,5215.0,5950.0,Small (<1k)
The King's University,2,272.0,12480.0,12480.0,0.4,14250,41471.0,14250.0,0.0,Small (<1k)
Pacific Islands University,2,55.0,7203.0,7203.0,0.5,PS,20902.0,,0.0,Small (<1k)
Acupuncture and Massage College,3,63.0,11980.0,11980.0,0.7931,7600,21937.0,7600.0,0.0,Small (<1k)
Atenas University,2,545.0,8198.0,8198.0,0.4259,6600,20231.0,6600.0,0.0,Small (<1k)
Pillar College,2,469.0,24820.0,24820.0,0.3409,17817,45577.0,17817.0,0.0,Small (<1k)
Oregon State University-Cascades Campus,1,1054.0,12594.0,34944.0,0.5116,15000,64010.0,15000.0,22350.0,Medium (1k–4.9k)
Smith Chason College,3,2221.0,19100.0,19100.0,0.4851,16640,58004.0,16640.0,0.0,Medium (1k–4.9k)
American Institute of Alternative Medicine,3,374.0,17291.0,17291.0,0.5455,9500,40805.0,9500.0,0.0,Small (<1k)
Universidad Pentecostal Mizpa,2,138.0,4220.0,4220.0,0.1429,PS,21410.0,,0.0,Small (<1k)
Nevada State University,1,3791.0,6368.0,20449.0,0.3103,12547,53166.0,12547.0,14081.0,Medium (1k–4.9k)
California State University-Channel Islands,1,5230.0,6817.0,18697.0,0.5345,12500,62152.0,12500.0,11880.0,Large (5k–14.9k)
Saint Joseph's University - Lancaster,2,1548.0,31866.0,31866.0,0.6703,13352,69731.0,13352.0,0.0,Medium (1k–4.9k)
University of Arkansas Grantham,1,3202.0,8280.0,8280.0,0.243,8491,63496.0,8491.0,0.0,Medium (1k–4.9k)
University of the Potomac-VA Campus,3,177.0,6660.0,6660.0,0.7778,7500,34961.0,7500.0,0.0,Small (<1k)
Pacific College of Health and Science,3,19.0,7508.0,7508.0,0.6786,9500,26209.0,9500.0,0.0,Small (<1k)
Faith International University,2,196.0,8850.0,8850.0,0.6667,12500,51006.0,12500.0,0.0,Small (<1k)
Williamson Christian College,2,40.0,15010.0,15010.0,0.5,PS,37474.0,,0.0,Small (<1k)
DigiPen Institute of Technology,3,1032.0,37400.0,37400.0,0.5156,21163,79878.0,21163.0,0.0,Medium (1k–4.9k)
Dewey University-Hato Rey,2,270.0,6970.0,6970.0,0.5224,5000,19761.0,5000.0,0.0,Small (<1k)
Strayer University-Tennessee,3,2670.0,13920.0,13920.0,0.0,14000,40092.0,14000.0,0.0,Medium (1k–4.9k)
Baptist University of the Americas,2,98.0,7680.0,7680.0,0.2727,PS,37709.0,,0.0,Small (<1k)
Charlotte Christian College and Theological Seminary,2,36.0,11960.0,11960.0,0.0,8701,33696.0,8701.0,0.0,Small (<1k)
American InterContinental University System,3,6734.0,12310.0,12310.0,0.212,9500,36144.0,9500.0,0.0,Large (5k–14.9k)
American InterContinental University-Houston,3,124.0,14842.0,14842.0,0.4545,9500,36144.0,9500.0,0.0,Small (<1k)
University of California-Merced,1,8372.0,14167.0,44944.0,0.6915,12750,64368.0,12750.0,30777.0,Large (5k–14.9k)
Central Methodist University-College of Graduate and Extended Studies,2,1807.0,6960.0,6960.0,0.0,13292,48991.0,13292.0,0.0,Medium (1k–4.9k)
Johnson & Wales University-Charlotte,2,1126.0,40408.0,40408.0,0.5211,16334,43418.0,16334.0,0.0,Medium (1k–4.9k)
Ave Maria University,2,1229.0,28222.0,28222.0,0.5548,12000,49520.0,12000.0,0.0,Medium (1k–4.9k)
ATA Career Education,3,226.0,14895.0,14895.0,0.6296,15834,34577.0,15834.0,0.0,Small (<1k)
Ecclesia College,2,132.0,16850.0,16850.0,0.3654,9000,40650.0,9000.0,0.0,Small (<1k)
Los Angeles College of Music,3,267.0,25650.0,25650.0,0.4737,17521,31758.0,17521.0,0.0,Small (<1k)
SAE Institute of Technology-Nashville,3,1800.0,17027.0,17027.0,0.4575,9245,39544.0,9245.0,0.0,Medium (1k–4.9k)
Uta Mesivta of Kiryas Joel,2,2729.0,15000.0,15000.0,0.7841,PS,31853.0,,0.0,Medium (1k–4.9k)
Harrisburg University of Science and Technology,2,650.0,23900.0,23900.0,0.4337,11848,52374.0,11848.0,0.0,Small (<1k)
Joyce University of Nursing and Health Sciences,3,1892.0,20780.0,20780.0,0.4706,10470,49841.0,10470.0,0.0,Medium (1k–4.9k)
Georgia Gwinnett College,1,11156.0,4458.0,13244.0,0.198,9000,47730.0,9000.0,8786.0,Large (5k–14.9k)
Aviator College of Aeronautical Science and Technology,3,274.0,34545.0,34545.0,0.5833,12000,67739.0,12000.0,0.0,Small (<1k)
SUM Bible College and Theological Seminary,2,312.0,10460.0,10460.0,0.4615,13815,35418.0,13815.0,0.0,Small (<1k)
Strayer University-Florida,3,1314.0,13920.0,13920.0,0.0,14000,40092.0,14000.0,0.0,Medium (1k–4.9k)
Dewey University-Juana Diaz,2,243.0,7630.0,7630.0,0.7083,5000,19761.0,5000.0,0.0,Small (<1k)
Visible Music College,2,164.0,22000.0,22000.0,0.4828,9500,35933.0,9500.0,0.0,Small (<1k)
South University-Tampa,3,390.0,18238.0,18238.0,0.0455,13000,34421.0,13000.0,0.0,Small (<1k)
Rasmussen University-Wisconsin,3,154.0,11982.0,11982.0,0.625,13000,39080.0,13000.0,0.0,Small (<1k)
Columbia Southern University,3,13053.0,5808.0,5808.0,0.3722,13980,63534.0,13980.0,0.0,Large (5k–14.9k)
Yeshivas Be'er Yitzchok,2,52.0,11450.0,11450.0,0.1429,PS,82560.0,,0.0,Small (<1k)
Yeshiva Toras Chaim,2,225.0,12750.0,12750.0,0.2698,PS,62526.0,,0.0,Small (<1k)
Talmudical Seminary of Bobov,2,515.0,13200.0,13200.0,0.4304,PS,22432.0,,0.0,Small (<1k)
Southwest University at El Paso,3,1817.0,16000.0,16000.0,0.6565,14000,29648.0,14000.0,0.0,Medium (1k–4.9k)
Bryant & Stratton College-Wauwatosa,2,952.0,19944.0,19944.0,0.2349,9500,32568.0,9500.0,0.0,Small (<1k)
Remington College-Shreveport Campus,2,342.0,23560.0,23560.0,0.2593,9500,31349.0,9500.0,0.0,Small (<1k)
ATA College-Cincinnati,3,264.0,14075.0,14075.0,0.7143,15834,34577.0,15834.0,0.0,Small (<1k)
Galen College of Nursing-Cincinnati,3,670.0,16400.0,16400.0,0.5476,16500,61480.0,16500.0,0.0,Small (<1k)
Strayer University-North Carolina,3,2728.0,13920.0,13920.0,0.1667,14000,40092.0,14000.0,0.0,Medium (1k–4.9k)
Strayer University-New Jersey,3,536.0,13920.0,13920.0,0.0,14000,40092.0,14000.0,0.0,Small (<1k)
Chamberlain University-Illinois,3,12188.0,20604.0,20604.0,0.5,16458,92405.0,16458.0,0.0,Large (5k–14.9k)
Chamberlain University-Ohio,3,336.0,19686.0,19686.0,0.0,16458,92405.0,16458.0,0.0,Small (<1k)
Chamberlain University-Arizona,3,745.0,20462.0,20462.0,0.6667,16458,92405.0,16458.0,0.0,Small (<1k)
Cambridge College of Healthcare & Technology,3,1037.0,14908.0,14908.0,0.56,11125,47792.0,11125.0,0.0,Medium (1k–4.9k)
Providence Christian College,2,144.0,35147.0,35147.0,0.5263,14500,46264.0,14500.0,0.0,Small (<1k)
Polytechnic University of Puerto Rico-Miami,2,29.0,14082.0,14082.0,0.0,12830,47540.0,12830.0,0.0,Small (<1k)
Polytechnic University of Puerto Rico-Orlando,2,102.0,14262.0,14262.0,0.0833,12830,47540.0,12830.0,0.0,Small (<1k)
Strayer University-West Virginia,3,377.0,13920.0,13920.0,0.5,14000,40092.0,14000.0,0.0,Small (<1k)
University of Minnesota-Rochester,1,568.0,14400.0,14400.0,0.5691,16727,69020.0,16727.0,0.0,Small (<1k)
Chamberlain University-Florida,3,839.0,19686.0,19686.0,0.3333,16458,92405.0,16458.0,0.0,Small (<1k)
University of Fort Lauderdale,2,259.0,9810.0,9810.0,0.75,5500,38062.0,5500.0,0.0,Small (<1k)
Pacific Rim Christian University,2,113.0,12380.0,12380.0,0.5238,13616,40523.0,13616.0,0.0,Small (<1k)
Strayer University-Georgia,3,4878.0,13920.0,13920.0,0.2308,14000,40092.0,14000.0,0.0,Medium (1k–4.9k)
Strayer University-South Carolina,3,1830.0,13920.0,13920.0,0.0,14000,40092.0,14000.0,0.0,Medium (1k–4.9k)
Strayer University-Texas,3,2397.0,13920.0,13920.0,0.5,14000,40092.0,14000.0,0.0,Medium (1k–4.9k)
South University-Richmond,3,244.0,18238.0,18238.0,0.2069,13000,34421.0,13000.0,0.0,Small (<1k)
South University-Virginia Beach,3,252.0,18238.0,18238.0,0.1364,13000,34421.0,13000.0,0.0,Small (<1k)
Touro University Worldwide,2,416.0,14600.0,14600.0,0.4231,14437,40803.0,14437.0,0.0,Small (<1k)
Herzing University-Kenosha,2,543.0,13420.0,13420.0,0.5,11756,36909.0,11756.0,0.0,Small (<1k)
Herzing University-Brookfield,2,378.0,13420.0,13420.0,0.4,11756,36909.0,11756.0,0.0,Small (<1k)
Texas A&M University-San Antonio,1,6224.0,9548.0,23124.0,0.2937,12500,54338.0,12500.0,13576.0,Large (5k–14.9k)
Strayer University-Global Region,3,10087.0,13920.0,13920.0,0.2,14000,40092.0,14000.0,0.0,Large (5k–14.9k)
Johnson & Wales University-Online,2,1980.0,13365.0,13365.0,0.0,16334,43418.0,16334.0,0.0,Medium (1k–4.9k)
Chamberlain University-Virginia,3,567.0,20462.0,20462.0,1.0,16458,92405.0,16458.0,0.0,Small (<1k)
Crestpoint University,3,388.0,7995.0,7995.0,0.3191,13994,42269.0,13994.0,0.0,Small (<1k)
Carolina College of Biblical Studies,2,122.0,6276.0,6276.0,0.2222,17500,24581.0,17500.0,0.0,Small (<1k)
New York Film Academy,3,965.0,36738.0,36738.0,0.709,10750,29633.0,10750.0,0.0,Small (<1k)
John Paul the Great Catholic University,2,297.0,29500.0,29500.0,0.6533,21500,56930.0,21500.0,0.0,Small (<1k)
University of Connecticut-Hartford Campus,1,1473.0,17452.0,40120.0,0.6536,18610,73997.0,18610.0,22668.0,Medium (1k–4.9k)
Ottawa University-Surprise,2,768.0,35300.0,35300.0,0.2252,12500,55552.0,12500.0,0.0,Small (<1k)
Chamberlain University-Missouri,3,328.0,19686.0,19686.0,0.3333,16458,92405.0,16458.0,0.0,Small (<1k)
Chamberlain University-Texas,3,2416.0,19686.0,19686.0,0.0,16458,92405.0,16458.0,0.0,Medium (1k–4.9k)
Dewey University-Manati,2,255.0,7630.0,7630.0,0.7429,5000,19761.0,5000.0,0.0,Small (<1k)
South University-Savannah Online,3,6492.0,16546.0,16546.0,0.0506,13000,34421.0,13000.0,0.0,Large (5k–14.9k)
Criswell College,2,118.0,14310.0,14310.0,0.5714,11803,43185.0,11803.0,0.0,Small (<1k)
Chamberlain University-Indiana,3,177.0,19686.0,19686.0,1.0,16458,92405.0,16458.0,0.0,Small (<1k)
Be'er Yaakov Talmudic Seminary,2,679.0,12300.0,12300.0,0.5304,PS,17360.0,,0.0,Small (<1k)
Pennsylvania State University-World Campus,1,7554.0,15204.0,15204.0,0.3363,19500,63435.0,19500.0,0.0,Large (5k–14.9k)
South University-Austin,3,243.0,18238.0,18238.0,0.0909,13000,34421.0,13000.0,0.0,Small (<1k)
Bryant & Stratton College-Online,2,7847.0,15891.0,15891.0,0.1833,9500,32568.0,9500.0,0.0,Large (5k–14.9k)
Platt College-Riverside,3,416.0,14804.0,14804.0,0.5611,15215,40669.0,15215.0,0.0,Small (<1k)
Rasmussen University-Kansas,3,333.0,15340.0,15340.0,0.5,13000,39080.0,13000.0,0.0,Small (<1k)
South University-High Point,3,70.0,20650.0,20650.0,0.0,13000,34421.0,13000.0,0.0,Small (<1k)
Augusta University,1,5282.0,8122.0,23500.0,0.4865,13015,48472.0,13015.0,15378.0,Large (5k–14.9k)
Middle Georgia State University,1,6655.0,4432.0,14032.0,0.256,9500,40863.0,9500.0,9600.0,Large (5k–14.9k)
DeVry College of New York,3,175.0,17488.0,17488.0,0.3333,12805,45987.0,12805.0,0.0,Small (<1k)
DeVry University-Arizona,3,22.0,17488.0,17488.0,0.625,12805,45987.0,12805.0,0.0,Small (<1k)
DeVry University-California,3,2081.0,17488.0,17488.0,0.4286,12805,45987.0,12805.0,0.0,Medium (1k–4.9k)
DeVry University-Florida,3,188.0,17488.0,17488.0,0.4,12805,45987.0,12805.0,0.0,Small (<1k)
DeVry University-Georgia,3,472.0,17488.0,17488.0,0.3636,12805,45987.0,12805.0,0.0,Small (<1k)
DeVry University-Illinois,3,25975.0,17488.0,17488.0,0.3686,12805,45987.0,12805.0,0.0,Very Large (15k+)
DeVry University-Nevada,3,4.0,17488.0,17488.0,0.0,12805,45987.0,12805.0,0.0,Small (<1k)
DeVry University-New Jersey,3,68.0,17488.0,17488.0,0.3333,12805,45987.0,12805.0,0.0,Small (<1k)
DeVry University-Ohio,3,218.0,17488.0,17488.0,0.45,12805,45987.0,12805.0,0.0,Small (<1k)
DeVry University-Texas,3,26.0,17488.0,17488.0,0.3333,12805,45987.0,12805.0,0.0,Small (<1k)
DeVry University-Virginia,3,25.0,17488.0,17488.0,1.0,12805,45987.0,12805.0,0.0,Small (<1k)
University of North Georgia,1,15542.0,5009.0,15441.0,0.3685,9673,50135.0,9673.0,10432.0,Very Large (15k+)
South Georgia State College,1,1553.0,2970.0,9322.0,0.2031,7000,35697.0,7000.0,6352.0,Medium (1k–4.9k)
University of Florida-Online,1,4577.0,3876.0,16579.0,0.7766,14000,71588.0,14000.0,12703.0,Medium (1k–4.9k)
Georgia Military College,1,3936.0,8112.0,8112.0,0.3294,5500,39257.0,5500.0,0.0,Medium (1k–4.9k)
Milligan University,2,783.0,39350.0,39350.0,0.6029,18800,46641.0,18800.0,0.0,Small (<1k)
Chamberlain University-Nevada,3,573.0,20462.0,20462.0,0.0,16458,92405.0,16458.0,0.0,Small (<1k)
Chamberlain University-New Jersey,3,1316.0,20462.0,20462.0,0.0,16458,92405.0,16458.0,0.0,Medium (1k–4.9k)
Arizona College of Nursing-Las Vegas,3,1185.0,22426.0,22426.0,0.75,9500,34657.0,9500.0,0.0,Medium (1k–4.9k)
Husson University,2,2395.0,22194.0,22194.0,0.5667,21500,45025.0,21500.0,0.0,Medium (1k–4.9k)
Northwest University-Center for Online and Extended Education,2,477.0,14652.0,14652.0,0.3077,15000,54914.0,15000.0,0.0,Small (<1k)
Indiana Wesleyan University-National & Global,2,5808.0,8216.0,8216.0,0.3722,14335,59986.0,14335.0,0.0,Large (5k–14.9k)
Chamberlain University-North Carolina,3,216.0,19686.0,19686.0,0.0,16458,92405.0,16458.0,0.0,Small (<1k)
Chamberlain University-California,3,676.0,20462.0,20462.0,0.0,16458,92405.0,16458.0,0.0,Small (<1k)
Carolina University,2,424.0,16000.0,16000.0,0.2923,11005,32864.0,11005.0,0.0,Small (<1k)
Purdue University Northwest,1,5786.0,8419.0,15620.0,0.4402,13031,48318.0,13031.0,7201.0,Large (5k–14.9k)
Platt College-Anaheim,3,405.0,14804.0,14804.0,0.6182,15215,40669.0,15215.0,0.0,Small (<1k)
EDP University of Puerto Rico-Villalba,2,281.0,7050.0,14125.0,0.3636,10500,22844.0,10500.0,7075.0,Small (<1k)
Drury University-College of Continuing Professional Studies,2,694.0,8044.0,8044.0,0.3208,13000,40694.0,13000.0,0.0,Small (<1k)
Commonwealth University of Pennsylvania,1,9309.0,11046.0,22870.0,0.5302,19500,52416.0,19500.0,11824.0,Large (5k–14.9k)
Pennsylvania Western University,1,8134.0,11388.0,16006.0,0.5103,16750,47295.0,16750.0,4618.0,Large (5k–14.9k)
